age,education,education-num,marital-status,occupation,sex,capital-gain,capital-loss,hours-per-week,income
69,Masters,7,Never-married,Tech-support,Female,57.15900958138311,47.07541963972017,46,1
32,Doctorate,13,Divorced,Craft-repair,Female,206.89532170251542,162.8694869122148,58,1
89,Some-college,8,Divorced,Tech-support,Male,811.225304712823,56.822918427952,53,1
78,Bachelors,1,Divorced,Tech-support,Female,424.37287129565635,587.1853459960934,65,1
38,HS-grad,9,Separated,Craft-repair,Female,359.4045504940313,81.88448455577073,37,1
41,Bachelors,7,Married-civ-spouse,Tech-support,Female,173.70812851832372,38.73729908946474,15,0
20,Doctorate,3,Widowed,Craft-repair,Female,1342.316171793108,24.860409500367002,70,1
39,Masters,8,Married-civ-spouse,Craft-repair,Female,252.93151328733416,43.15840589003817,29,0
70,HS-grad,7,Separated,Craft-repair,Female,45.560505058287795,46.60646352937562,11,1
19,Doctorate,11,Divorced,Sales,Female,479.946988104977,7.118850626264504,46,1
47,Doctorate,15,Never-married,Tech-support,Male,60.427972435331455,46.13598139707214,29,1
55,Doctorate,13,Divorced,Exec-managerial,Male,211.7303887116328,62.406621646648134,35,1
19,HS-grad,8,Widowed,Craft-repair,Female,354.04101485987303,128.2791477852921,38,0
81,HS-grad,6,Never-married,Tech-support,Male,1036.6205011494583,106.9236468375308,10,1
77,Some-college,9,Divorced,Prof-specialty,Female,340.1614623279765,123.36270274066668,44,1
38,Some-college,15,Never-married,Craft-repair,Female,605.7652560462551,0.8398853712116788,79,1
50,Bachelors,5,Married-civ-spouse,Craft-repair,Female,2468.007870989055,24.547530863034297,68,1
75,HS-grad,3,Separated,Exec-managerial,Male,70.48758295799078,108.3775761471237,78,1
39,HS-grad,3,Divorced,Sales,Female,160.60669152345082,66.16279094100244,42,0
66,HS-grad,1,Widowed,Sales,Female,250.91318241823745,0.5327642385473204,60,1
76,Some-college,12,Married-civ-spouse,Craft-repair,Male,273.942092760732,163.2167495491405,21,1
59,Doctorate,15,Divorced,Tech-support,Male,264.6824387031414,148.19667289838773,29,1
77,Masters,8,Married-civ-spouse,Prof-specialty,Female,1190.8736913559571,79.5000881162235,62,1
32,Some-college,2,Widowed,Prof-specialty,Male,625.9388080847127,6.8775029976427895,52,0
79,HS-grad,3,Divorced,Tech-support,Male,468.1258338158763,145.46376559099792,59,1
79,Some-college,8,Widowed,Craft-repair,Female,185.07749491469943,87.63817645917182,38,1
64,Bachelors,14,Never-married,Prof-specialty,Female,868.0404969388557,152.3076642025281,66,1
79,HS-grad,8,Widowed,Sales,Female,1551.219196899078,139.33068609070432,48,1
68,Bachelors,14,Never-married,Tech-support,Male,860.7389054325331,162.4562067851931,65,1
72,HS-grad,11,Divorced,Exec-managerial,Male,0.7831656240208741,72.98279003508777,52,1
81,Some-college,4,Never-married,Craft-repair,Male,505.8523425335606,15.120030768442408,59,1
20,Doctorate,4,Divorced,Tech-support,Female,26.24457374752228,111.21762852941026,32,0
68,Masters,5,Divorced,Prof-specialty,Male,148.93841161123783,96.88316069352844,53,1
24,Bachelors,6,Separated,Craft-repair,Male,30.684946790983155,135.57775216283963,47,0
38,Some-college,5,Divorced,Sales,Female,462.912334064396,18.618622226351217,32,0
56,Doctorate,14,Never-married,Craft-repair,Female,580.1213827223802,21.688219446083686,54,1
35,Some-college,15,Separated,Craft-repair,Female,60.7944307284065,221.10047441814586,61,1
21,Bachelors,7,Separated,Sales,Male,242.1233980746802,138.62055588712101,59,1
77,Masters,2,Divorced,Sales,Female,304.62044288539465,238.84533639455606,17,0
31,Some-college,7,Widowed,Craft-repair,Male,230.2667240593697,142.17778026227808,10,0
26,HS-grad,10,Widowed,Sales,Male,64.49941183205866,90.92041659771152,17,0
70,Doctorate,7,Separated,Tech-support,Female,271.4573320919404,106.17002105589255,38,1
19,Some-college,1,Divorced,Sales,Female,695.508844864037,219.93782101996536,14,0
77,Doctorate,7,Widowed,Sales,Female,36.82739525361806,86.46635352040354,56,1
88,HS-grad,5,Divorced,Craft-repair,Female,41.7886477823799,100.07362879314059,43,1
61,Masters,3,Divorced,Tech-support,Female,219.07521936821516,17.016777335054286,74,1
25,Masters,13,Separated,Exec-managerial,Male,1421.2971527639204,64.23043058166897,64,1
64,HS-grad,3,Separated,Exec-managerial,Male,552.1733194204588,126.01803008714285,52,1
52,Doctorate,4,Married-civ-spouse,Prof-specialty,Male,567.6432558498415,31.600294692998553,39,1
53,Some-college,13,Widowed,Sales,Female,224.6457986449028,22.596525423179266,26,1
67,HS-grad,12,Widowed,Sales,Male,450.28348928672307,37.662521697529925,35,1
21,Bachelors,2,Widowed,Tech-support,Female,5.091426876271543,27.641330813434568,17,0
19,Doctorate,2,Never-married,Exec-managerial,Female,505.43265496302126,24.196027699254998,56,0
23,Masters,1,Divorced,Prof-specialty,Male,1222.5754297699063,55.31258681164361,55,0
71,HS-grad,15,Separated,Tech-support,Male,474.11452194642163,238.42129567688883,77,1
21,Masters,5,Widowed,Sales,Female,1034.5420566187718,70.7367099558632,42,0
71,Doctorate,4,Married-civ-spouse,Exec-managerial,Male,643.6283964535804,20.815689044425852,10,0
80,Masters,11,Widowed,Prof-specialty,Female,64.23406851299852,8.00953508884464,28,1
35,HS-grad,10,Divorced,Craft-repair,Male,1163.7120579908872,119.12413448538466,40,1
61,Doctorate,15,Divorced,Exec-managerial,Male,34.37708089506855,48.25601566098269,23,1
51,Bachelors,2,Separated,Prof-specialty,Male,381.74992294642345,172.50224411216058,62,1
79,HS-grad,3,Never-married,Tech-support,Male,76.6555051037578,107.73717798567641,57,1
31,Some-college,7,Separated,Craft-repair,Male,5.887836307241012,159.0819567208323,78,1
65,HS-grad,7,Widowed,Prof-specialty,Female,274.1203428218688,31.73801118543719,71,1
32,Doctorate,12,Married-civ-spouse,Prof-specialty,Male,174.8076095951888,117.88215082024153,75,1
89,HS-grad,4,Separated,Sales,Male,332.7664871115796,30.660938213368084,73,1
79,Bachelors,5,Never-married,Exec-managerial,Male,430.42787854620366,279.80046593510536,79,1
57,Bachelors,5,Separated,Sales,Female,22.36223312795628,101.16301863237578,72,1
70,Some-college,6,Divorced,Craft-repair,Female,65.62602194234074,39.231959053585946,42,1
41,Masters,14,Widowed,Prof-specialty,Female,408.94991986412333,31.40422865163482,50,1
43,Doctorate,9,Widowed,Sales,Female,210.16300809552897,21.186561829269568,57,1
77,Doctorate,2,Widowed,Exec-managerial,Female,653.1384192807292,118.62670107574804,22,1
58,Masters,5,Widowed,Craft-repair,Male,528.1956106258551,24.681606353752038,40,1
46,Bachelors,12,Widowed,Tech-support,Male,934.118449748684,90.46172971291463,77,1
32,Bachelors,3,Widowed,Sales,Male,589.6284320513487,30.7388341009099,13,0
62,HS-grad,4,Married-civ-spouse,Craft-repair,Female,280.9990043020031,108.46175084116823,28,0
82,Some-college,10,Never-married,Tech-support,Female,558.8465205528075,168.70737152896345,79,1
88,Some-college,6,Widowed,Sales,Male,161.05475999006464,150.51916114338843,22,1
26,Some-college,12,Never-married,Craft-repair,Female,182.86757394049724,143.066987412652,32,1
18,HS-grad,8,Widowed,Craft-repair,Female,777.9134079251586,20.79131323319335,10,0
25,Some-college,1,Separated,Sales,Female,295.67406445783763,9.253746900507979,63,0
80,Masters,10,Widowed,Craft-repair,Male,800.6861151346733,120.0475023657181,24,1
28,HS-grad,14,Divorced,Prof-specialty,Male,864.1737171109364,45.9415424719779,74,1
25,Masters,8,Married-civ-spouse,Sales,Female,974.4254161289728,56.62435996412856,24,0
52,HS-grad,11,Separated,Craft-repair,Female,1242.2647754965885,3.164454146130381,30,1
52,Some-college,14,Separated,Tech-support,Female,281.9244353499046,30.053289067824746,28,1
50,Masters,7,Divorced,Tech-support,Female,191.9987120715736,3.4256515227579785,69,1
22,Masters,1,Widowed,Prof-specialty,Male,436.37471492504164,211.35012239367893,42,0
58,Masters,2,Married-civ-spouse,Sales,Female,231.94909148629498,27.89161829949456,58,1
45,HS-grad,3,Separated,Craft-repair,Male,459.4898805376317,81.49469038555038,44,0
24,Doctorate,1,Married-civ-spouse,Craft-repair,Male,611.3839361847305,3.975935168054596,53,0
89,Some-college,14,Separated,Tech-support,Male,583.0255353370436,109.91546096145082,20,1
29,Masters,9,Widowed,Prof-specialty,Female,234.64425212038995,39.01243994323304,75,1
51,Doctorate,8,Separated,Tech-support,Male,91.27691290240818,228.19904946609674,55,1
50,Some-college,2,Separated,Tech-support,Male,281.52400679893054,219.03122232037413,18,0
65,Some-college,13,Never-married,Prof-specialty,Female,76.92194749305025,39.3473226542136,12,1
40,Masters,9,Widowed,Sales,Female,1104.0787202685333,231.22405138111793,35,1
79,Masters,7,Divorced,Craft-repair,Female,212.23028808697003,556.1677236148372,57,1
54,HS-grad,9,Divorced,Sales,Male,83.88975176259996,174.53473539422617,75,1
61,Doctorate,6,Widowed,Exec-managerial,Female,12.88857719833833,186.350049185203,79,1
52,Doctorate,6,Divorced,Exec-managerial,Male,518.9783790103037,28.63612599209348,37,1
82,Masters,11,Widowed,Exec-managerial,Male,506.54169149841,85.96797985106654,35,1
64,Some-college,14,Divorced,Prof-specialty,Female,208.2156335553708,6.96244072573011,34,1
20,Masters,4,Never-married,Tech-support,Male,37.206564888137265,9.972966184805468,21,0
18,Some-college,10,Divorced,Sales,Male,263.5019740558731,680.5751219889282,14,0
22,Some-college,10,Separated,Craft-repair,Male,186.41486276414165,39.54740594095893,57,1
31,Masters,13,Widowed,Exec-managerial,Male,565.2382615793507,137.9056267629112,46,1
44,Bachelors,13,Married-civ-spouse,Sales,Female,465.4221230029178,164.33311177315946,53,1
26,Doctorate,2,Married-civ-spouse,Exec-managerial,Male,226.74534327944588,195.20921151433254,24,0
32,Some-college,7,Widowed,Exec-managerial,Female,122.88157461212414,604.4147186043234,52,1
59,Some-college,5,Never-married,Craft-repair,Male,2212.925154682265,27.64078463965971,57,1
68,Bachelors,11,Divorced,Prof-specialty,Male,302.56963623264687,4.118750595694294,79,1
80,HS-grad,6,Never-married,Tech-support,Female,582.8157192596624,52.965430609138274,55,1
69,Bachelors,2,Married-civ-spouse,Prof-specialty,Male,75.73304104734127,13.935479557395638,52,1
21,Bachelors,5,Widowed,Sales,Male,332.3670411344603,2.2681173282547915,30,0
40,Some-college,10,Widowed,Prof-specialty,Male,13.961481211462656,44.695424252533286,32,1
32,Doctorate,4,Never-married,Sales,Male,352.058684735351,153.1265804358061,56,0
60,Bachelors,9,Never-married,Sales,Male,1662.3599942560743,83.51271708032459,24,1
46,HS-grad,6,Divorced,Tech-support,Male,242.42197239737098,37.50978791544164,34,0
53,Masters,2,Separated,Craft-repair,Female,19.888360387391568,106.23054479496665,45,0
30,Bachelors,1,Separated,Tech-support,Female,15.722522362918268,26.398921839175493,60,0
49,Bachelors,5,Divorced,Prof-specialty,Female,245.50068131504074,1.4485861372039344,24,0
88,HS-grad,9,Separated,Sales,Male,87.19153692556543,144.542199633491,77,1
76,Doctorate,6,Married-civ-spouse,Exec-managerial,Male,11.814538540600282,97.7483083988966,30,1
45,Bachelors,10,Separated,Exec-managerial,Male,705.7314520714552,143.67569459094216,22,1
83,Bachelors,12,Divorced,Sales,Female,306.72735222690767,3.971637332766473,28,1
59,Doctorate,7,Separated,Tech-support,Male,170.7135864146678,181.47392606929003,43,1
62,HS-grad,5,Widowed,Craft-repair,Female,1151.7086346607716,96.633796091396,77,1
79,Bachelors,10,Never-married,Tech-support,Male,61.727711748932656,82.87271860742521,61,1
74,Doctorate,6,Married-civ-spouse,Sales,Male,1560.8612740704873,97.98005772521859,36,1
23,Bachelors,5,Widowed,Sales,Male,188.41456774526313,199.82911169332198,38,0
45,Masters,11,Widowed,Craft-repair,Female,1096.433567784054,88.41539606919447,37,1
45,Some-college,9,Divorced,Prof-specialty,Male,461.83756034238615,86.9765940983819,44,1
61,Masters,15,Never-married,Prof-specialty,Female,876.386775688192,467.55022107870525,17,1
47,Bachelors,6,Never-married,Craft-repair,Male,2067.994798000141,141.35840281196997,25,1
79,HS-grad,11,Married-civ-spouse,Prof-specialty,Male,170.12348244930584,58.39229883345892,45,1
79,Some-college,8,Divorced,Exec-managerial,Female,1623.8368329798275,122.89385376562178,39,1
18,Masters,2,Married-civ-spouse,Prof-specialty,Male,246.72366484581093,49.303559504810856,27,0
44,Doctorate,12,Separated,Prof-specialty,Male,243.4828616049801,25.990539120417445,11,1
79,HS-grad,13,Widowed,Prof-specialty,Male,208.0510688152398,90.84512334188312,58,1
20,Masters,9,Married-civ-spouse,Exec-managerial,Male,389.7967484469401,263.3621504116234,13,0
87,Doctorate,5,Widowed,Prof-specialty,Female,83.70368995594329,264.7042405865561,16,1
89,Bachelors,7,Divorced,Exec-managerial,Female,403.3948211457837,41.8406403770263,48,1
44,Doctorate,10,Separated,Craft-repair,Male,390.12089404475637,75.00931924870726,22,1
26,Masters,13,Divorced,Tech-support,Male,717.5360691532478,23.77952381875633,40,1
79,Masters,1,Separated,Craft-repair,Female,896.8305238542267,543.3246192014816,72,1
54,Bachelors,10,Separated,Tech-support,Male,290.3034657725327,396.9541312324312,65,1
68,Doctorate,5,Widowed,Craft-repair,Female,180.00686241447335,104.8420049886096,51,1
61,Doctorate,12,Divorced,Tech-support,Male,150.10335452106867,163.17554037065764,70,1
41,Bachelors,14,Divorced,Tech-support,Female,108.22291355506094,125.5617603584788,51,1
76,Doctorate,10,Married-civ-spouse,Sales,Female,29.687978904190402,89.93309136890181,65,1
49,Bachelors,14,Divorced,Tech-support,Female,209.61569920849487,5.482372639196746,45,1
69,HS-grad,2,Married-civ-spouse,Tech-support,Female,157.52505335258448,60.65371787904519,77,1
79,Masters,12,Never-married,Sales,Male,1696.8733912148305,112.32727809391316,16,1
75,HS-grad,6,Never-married,Prof-specialty,Male,407.8934248270577,113.1750175097633,63,1
69,Some-college,11,Never-married,Prof-specialty,Female,213.3012477585504,46.700432114634786,10,1
29,Some-college,1,Divorced,Sales,Female,434.3072618112863,284.2015744951548,53,0
56,Some-college,3,Divorced,Exec-managerial,Female,74.94462875107239,18.315033882305844,54,1
19,Bachelors,5,Married-civ-spouse,Tech-support,Female,293.5328367214515,69.38663315181398,56,0
20,Doctorate,4,Separated,Tech-support,Male,492.06310289100566,117.40385921414737,22,0
73,HS-grad,3,Married-civ-spouse,Sales,Female,335.5928854897375,119.44707782097186,31,1
76,HS-grad,10,Never-married,Sales,Female,256.897347427876,104.5940970982072,30,1
19,HS-grad,13,Married-civ-spouse,Exec-managerial,Female,2545.52063197123,32.19812389614336,18,1
19,HS-grad,5,Separated,Prof-specialty,Female,1061.4450001233984,16.984756397095726,35,0
71,Some-college,11,Divorced,Craft-repair,Female,488.2937419034039,101.04374874923896,18,1
18,HS-grad,8,Married-civ-spouse,Prof-specialty,Female,421.26156019056845,91.4547542460641,24,0
36,Doctorate,11,Never-married,Tech-support,Female,484.66182165997714,19.76658936465737,19,0
19,Some-college,4,Never-married,Sales,Male,112.39251629289252,122.12517138184886,51,0
70,HS-grad,1,Divorced,Exec-managerial,Female,251.37726084509842,60.72851152877793,33,0
61,Bachelors,11,Married-civ-spouse,Prof-specialty,Female,20.129583182880108,110.18994603112151,58,1
49,Masters,7,Separated,Exec-managerial,Female,322.69881452178976,181.62596409227902,35,1
87,Masters,8,Divorced,Prof-specialty,Male,391.56284187648725,18.60024372223012,46,1
49,Masters,3,Married-civ-spouse,Tech-support,Male,129.22330272947286,1.9330504120641034,77,1
85,Some-college,6,Widowed,Craft-repair,Male,1662.5189859498882,151.0056877070906,59,1
72,HS-grad,2,Never-married,Exec-managerial,Female,1200.9520086993216,94.08330077192397,33,1
73,Some-college,7,Separated,Exec-managerial,Female,640.3247667618975,120.2772090878001,28,1
34,Doctorate,15,Separated,Craft-repair,Female,381.12713153296625,182.11160373501085,69,1
55,Bachelors,8,Separated,Exec-managerial,Male,1019.9918115913102,162.35922887795354,48,1
41,Bachelors,6,Never-married,Exec-managerial,Female,70.00608453811546,324.21482115081915,27,0
86,Masters,6,Married-civ-spouse,Prof-specialty,Male,781.5391457141175,76.77308202762632,28,1
87,Masters,5,Divorced,Prof-specialty,Male,66.66331477601192,67.03991553276018,45,1
28,Masters,8,Married-civ-spouse,Craft-repair,Male,790.4511335870843,51.39759138744405,64,1
33,HS-grad,1,Divorced,Tech-support,Male,161.32144989567132,16.687078846063784,78,1
76,Doctorate,10,Separated,Exec-managerial,Male,1048.1538129752246,85.00518592211517,56,1
87,Doctorate,4,Married-civ-spouse,Tech-support,Female,1441.5777731750818,32.43633796926085,58,1
20,Doctorate,15,Separated,Craft-repair,Female,80.5517126073048,254.22075819010016,42,1
37,Doctorate,4,Widowed,Craft-repair,Male,310.5766397295583,87.51267261114472,30,0
76,Masters,3,Separated,Prof-specialty,Female,1981.3261065714855,89.85494937326825,31,1
53,Bachelors,3,Separated,Exec-managerial,Female,330.25039624369055,43.8388164165674,57,1
36,Masters,4,Divorced,Sales,Male,995.8894376326062,5.338954469916885,46,0
84,Doctorate,11,Widowed,Craft-repair,Male,444.25452346212495,3.225852154060481,24,1
36,Masters,1,Separated,Exec-managerial,Female,235.26581064018208,55.04940203134059,44,0
37,Doctorate,14,Separated,Tech-support,Female,168.28460953003795,8.835632986675682,41,1
88,Some-college,11,Widowed,Prof-specialty,Female,113.59027645419319,93.35563168130257,20,1
69,Bachelors,13,Widowed,Tech-support,Female,717.3185146084777,212.84049682314497,19,1
50,Some-college,11,Married-civ-spouse,Craft-repair,Male,244.32052140118796,214.48535451518143,66,1
57,HS-grad,2,Divorced,Craft-repair,Female,357.97813280703105,107.60059781094083,34,0
56,Masters,9,Widowed,Tech-support,Male,338.95737270445454,23.728283080935125,11,1
18,HS-grad,10,Widowed,Craft-repair,Male,430.52148058677506,198.77512246541207,73,1
28,Masters,2,Never-married,Exec-managerial,Female,1003.3824089565735,217.2376774660524,44,0
74,Some-college,5,Widowed,Craft-repair,Female,1974.8453956678413,21.89692570072109,16,1
67,Doctorate,9,Divorced,Prof-specialty,Female,261.7732701243334,133.72226585696404,27,1
40,Doctorate,9,Separated,Exec-managerial,Male,878.7338709486766,33.76002410770677,76,1
48,Masters,8,Separated,Sales,Male,723.0811982512931,162.27273894179916,51,1
59,Doctorate,1,Separated,Craft-repair,Male,426.10539792233135,589.1763984102353,48,1
24,Some-college,1,Separated,Craft-repair,Male,1562.3188325989674,3.048601746202351,50,0
33,Doctorate,9,Never-married,Prof-specialty,Female,111.86843585222508,227.65847094790317,33,0
77,Some-college,13,Widowed,Prof-specialty,Male,57.85371390988225,97.4530554457563,69,1
19,HS-grad,11,Separated,Tech-support,Male,961.944095446393,362.61908617206774,55,1
18,Some-college,8,Married-civ-spouse,Tech-support,Female,289.15073097373823,62.55063220133938,28,0
65,Bachelors,10,Separated,Tech-support,Male,938.5569055162965,187.98560713286727,77,1
29,Bachelors,9,Widowed,Prof-specialty,Male,1117.8849196435585,6.442553402568435,51,1
86,Bachelors,7,Separated,Tech-support,Female,32.2466443437917,40.838795057103404,41,1
54,Masters,3,Never-married,Tech-support,Male,1074.7807940351615,6.936780364152464,48,1
49,Masters,3,Divorced,Sales,Male,297.39269933421235,370.2699856597469,45,0
26,Masters,2,Divorced,Tech-support,Male,357.11645412305285,169.81265530907294,45,0
36,Some-college,5,Widowed,Craft-repair,Male,492.54249604265107,191.42486548671397,12,0
65,Masters,12,Divorced,Prof-specialty,Female,1304.4369797823879,278.0060267792967,17,1
20,HS-grad,12,Divorced,Exec-managerial,Male,9.650584682792921,8.89443196873209,79,1
37,Bachelors,3,Married-civ-spouse,Sales,Female,323.93728196891163,48.71051787210219,50,0
41,Some-college,14,Widowed,Prof-specialty,Male,581.9307990668292,7.368409635684103,77,1
71,Bachelors,6,Widowed,Prof-specialty,Female,641.3402087725523,23.672676380501272,22,1
50,Masters,2,Divorced,Craft-repair,Female,589.692832855554,26.054143697640793,58,1
41,Some-college,12,Divorced,Tech-support,Female,72.18647779765466,63.319518216996805,69,1
89,Doctorate,3,Divorced,Craft-repair,Male,177.90593565488703,31.274304839958234,11,1
53,HS-grad,5,Never-married,Tech-support,Male,222.14106120466735,10.644789199031331,69,1
55,Masters,12,Separated,Tech-support,Male,815.9368813932607,18.33113533939617,14,1
42,Masters,11,Never-married,Prof-specialty,Female,163.391574588316,15.931883591295435,53,1
35,HS-grad,11,Widowed,Tech-support,Male,118.30754561812428,361.4766832999243,36,1
83,HS-grad,1,Married-civ-spouse,Sales,Male,1578.5144344750042,142.41728043015544,41,1
71,Doctorate,13,Separated,Sales,Male,4.451398836142618,343.4592811184291,30,1
52,Masters,1,Married-civ-spouse,Sales,Male,3064.4114969520433,57.93551856472514,17,0
78,Masters,10,Widowed,Prof-specialty,Female,564.7749272183767,32.624063278218756,59,1
58,Bachelors,9,Widowed,Craft-repair,Female,881.496508219185,160.09401073184702,76,1
50,Some-college,7,Married-civ-spouse,Exec-managerial,Male,174.5088792524603,39.49019720502683,53,1
85,Some-college,1,Married-civ-spouse,Tech-support,Male,7.209364869005761,35.579443699212874,67,1
50,Bachelors,15,Married-civ-spouse,Exec-managerial,Male,669.4564392173502,26.462460698817665,12,1
31,Some-college,12,Widowed,Craft-repair,Female,898.3194682467004,13.88931448469217,79,1
38,HS-grad,14,Divorced,Craft-repair,Male,674.4533017740471,29.63368317562342,11,1
65,Some-college,8,Married-civ-spouse,Prof-specialty,Female,77.07134085511085,43.900081917116495,53,1
37,Some-college,3,Separated,Sales,Female,700.0504618021271,112.08401313491106,11,0
25,Bachelors,8,Widowed,Sales,Male,732.5016738640082,6.460768856366412,44,1
24,Doctorate,15,Never-married,Craft-repair,Male,537.2631236659405,23.63642352748415,39,1
84,Some-college,5,Never-married,Prof-specialty,Male,726.4648628462066,165.56056297563987,17,1
34,Some-college,1,Separated,Prof-specialty,Female,935.1463373394024,15.890420412443287,31,0
50,Doctorate,7,Divorced,Tech-support,Female,475.4464121564652,41.95312944675591,53,1
65,Bachelors,5,Married-civ-spouse,Sales,Male,46.38928619745787,199.99571820367424,67,1
76,Doctorate,6,Widowed,Craft-repair,Female,334.3519918938111,16.833026635169876,45,1
39,Bachelors,6,Married-civ-spouse,Exec-managerial,Male,40.414898287162664,8.636086383903962,78,1
47,HS-grad,8,Widowed,Sales,Male,261.73851741266765,66.26916835373416,40,1
55,Bachelors,9,Never-married,Tech-support,Female,261.37023652531553,36.013737592778924,56,1
68,HS-grad,2,Married-civ-spouse,Prof-specialty,Female,34.14469028677538,82.87569932812717,64,1
71,HS-grad,9,Separated,Craft-repair,Female,214.48499864969034,162.86456581731287,71,1
25,Bachelors,12,Divorced,Sales,Female,58.82795243903625,14.751266313471897,39,1
44,Masters,15,Separated,Exec-managerial,Male,825.7428550377401,86.9166441536363,64,1
44,Bachelors,11,Divorced,Tech-support,Male,1475.2649925309993,70.4225843728193,25,1
38,Some-college,10,Married-civ-spouse,Tech-support,Male,37.53231686622789,15.55769468113575,21,0
47,Some-college,9,Married-civ-spouse,Sales,Female,1551.8281170343428,97.81621077519033,26,1
45,Masters,13,Divorced,Exec-managerial,Male,369.67577469438055,31.971009457124445,25,1
81,HS-grad,10,Never-married,Tech-support,Female,178.027338139301,66.9107109694989,21,1
86,Masters,15,Widowed,Craft-repair,Female,39.98831236978604,8.585458191010801,17,1
78,Some-college,10,Separated,Tech-support,Female,347.1982483856968,61.54161715059916,12,1
65,Masters,7,Separated,Exec-managerial,Male,791.1924450988089,36.59513629547137,25,1
36,Bachelors,1,Separated,Prof-specialty,Female,613.9389288918248,172.8115661144482,39,0
21,Masters,7,Married-civ-spouse,Prof-specialty,Female,25.76561474802323,5.866643774561698,32,0
52,HS-grad,10,Separated,Sales,Female,37.84791202912624,54.23288036950722,14,1
81,Bachelors,5,Widowed,Exec-managerial,Female,257.81296560804384,61.32855799895035,74,1
66,Doctorate,6,Widowed,Tech-support,Female,174.9848046900245,129.10062771928366,39,1
34,Some-college,10,Divorced,Tech-support,Female,132.23304586627975,85.39912195648273,30,1
61,Some-college,7,Married-civ-spouse,Prof-specialty,Female,164.9500892277558,110.0250641618203,79,1
47,Masters,14,Widowed,Prof-specialty,Female,813.5025155783579,150.08045438400285,31,1
63,Bachelors,15,Never-married,Craft-repair,Female,1324.146297271714,198.19735001578348,41,1
23,Doctorate,5,Married-civ-spouse,Prof-specialty,Female,259.6832420887668,37.669617606566405,42,0
54,Bachelors,7,Married-civ-spouse,Craft-repair,Female,1182.821034121445,77.22395349174069,25,1
41,Some-college,9,Widowed,Tech-support,Female,193.93223202862478,183.3257182239636,47,1
63,Bachelors,3,Never-married,Craft-repair,Male,323.5489429947621,455.1736625285726,23,0
70,Doctorate,8,Divorced,Craft-repair,Male,128.1104354863943,220.29145338737806,45,1
77,Masters,2,Widowed,Sales,Female,511.4872309857723,46.43671642007787,32,1
80,HS-grad,11,Never-married,Prof-specialty,Female,1931.166983988161,21.7119876648513,75,1
49,Bachelors,7,Married-civ-spouse,Craft-repair,Female,462.530912905048,67.21541589399756,11,0
50,HS-grad,13,Never-married,Tech-support,Male,221.4387143033421,135.340693726407,74,1
84,Some-college,2,Married-civ-spouse,Exec-managerial,Male,521.8028092377419,67.83946773351387,76,1
35,Masters,15,Widowed,Craft-repair,Male,65.57892212615533,66.00622980074905,61,1
42,Masters,14,Widowed,Prof-specialty,Female,1097.579217833153,182.1582308609865,71,1
71,Bachelors,4,Separated,Sales,Female,349.6670911016173,44.84829164564948,32,1
75,Masters,7,Separated,Tech-support,Female,298.3277059530509,196.46473223044424,35,1
84,Bachelors,3,Separated,Sales,Female,440.7813802699802,52.223176206150136,77,1
63,Bachelors,2,Widowed,Exec-managerial,Male,490.1265265759135,39.784388208687815,64,1
41,HS-grad,11,Divorced,Craft-repair,Female,37.24099362783249,60.51178257517129,15,0
49,Masters,10,Widowed,Craft-repair,Male,573.82336476219,143.73643485470058,44,1
64,Bachelors,7,Never-married,Prof-specialty,Male,138.49088294575523,13.467722353981307,31,1
40,HS-grad,1,Widowed,Craft-repair,Female,625.7989306347667,21.867755856222416,52,0
83,Doctorate,14,Widowed,Tech-support,Male,864.4903569908595,302.50545124385474,24,1
44,HS-grad,15,Married-civ-spouse,Exec-managerial,Male,814.7144729977397,19.29679822509712,69,1
19,HS-grad,8,Married-civ-spouse,Sales,Male,402.04045153745125,83.86986813733884,21,0
34,Bachelors,3,Married-civ-spouse,Exec-managerial,Male,367.1615900233151,86.58696760982289,58,0
50,Some-college,12,Widowed,Craft-repair,Female,77.08631748212545,67.26084753145321,51,1
26,Some-college,12,Divorced,Sales,Female,746.5972538187141,103.49201372226418,47,1
60,Some-college,13,Never-married,Prof-specialty,Male,158.32163455430327,26.11397580185179,54,1
65,HS-grad,2,Never-married,Exec-managerial,Female,343.2798854498613,80.44414165829487,44,1
56,Bachelors,3,Divorced,Sales,Male,167.22899833187105,46.54910347280817,39,0
59,Masters,5,Divorced,Sales,Female,71.8360974536481,108.37254287744831,39,1
43,HS-grad,11,Never-married,Sales,Female,496.5287867379612,15.224662762104572,15,1
67,HS-grad,8,Separated,Tech-support,Female,27.931879862958183,84.60126592375629,76,1
42,Bachelors,10,Married-civ-spouse,Exec-managerial,Female,690.4449639590403,20.489894517069903,16,0
41,Doctorate,7,Married-civ-spouse,Sales,Female,191.05996627694827,32.66212061051413,61,1
30,HS-grad,7,Never-married,Exec-managerial,Male,0.06735103820133685,24.680862366950556,23,0
77,Doctorate,12,Divorced,Sales,Female,357.8284564022226,20.19176479796174,24,1
24,Doctorate,7,Separated,Prof-specialty,Male,23.992496180626087,174.70401601035158,30,0
74,Some-college,15,Never-married,Prof-specialty,Male,161.59905495488985,33.64628313906887,44,1
53,Bachelors,8,Married-civ-spouse,Prof-specialty,Female,613.7512127966615,261.89929190405377,75,1
62,Doctorate,1,Widowed,Craft-repair,Male,32.370402329413395,350.4111736452182,11,0
37,Bachelors,4,Divorced,Sales,Female,914.2277821073932,84.69057004785138,44,0
82,Some-college,13,Widowed,Craft-repair,Male,1.9136185981980285,15.431867038022862,29,1
25,Bachelors,6,Never-married,Exec-managerial,Male,141.72808654574774,46.92810797548315,19,0
33,HS-grad,9,Married-civ-spouse,Craft-repair,Female,675.2784231555521,159.81630302172874,34,1
31,Doctorate,13,Separated,Exec-managerial,Female,190.09619755987487,45.79023123486684,75,1
32,Bachelors,2,Widowed,Exec-managerial,Female,53.732691371896756,9.103825760420156,34,0
83,Masters,1,Separated,Exec-managerial,Female,223.326333782404,81.37000983889578,63,1
49,Bachelors,13,Married-civ-spouse,Craft-repair,Male,157.62481924437802,186.51101532481331,42,1
80,Doctorate,10,Widowed,Sales,Female,924.8380685685146,158.927450289189,45,1
68,Some-college,12,Separated,Craft-repair,Male,187.9637726469199,19.2521164552017,23,1
42,Some-college,14,Separated,Sales,Male,777.7885788656753,111.70755334398083,74,1
75,Doctorate,2,Widowed,Sales,Male,1112.220453852014,24.910805994845784,63,1
80,HS-grad,7,Married-civ-spouse,Exec-managerial,Male,284.41933627164815,24.616596311174433,61,1
79,HS-grad,3,Separated,Craft-repair,Male,1203.6570365805983,207.20431637373576,12,1
39,Some-college,10,Never-married,Sales,Male,236.85970527975803,28.724077349213207,50,1
75,Some-college,2,Widowed,Prof-specialty,Female,1663.208476084358,30.550305576649052,15,0
75,Doctorate,14,Divorced,Sales,Male,46.765120906180755,0.06536043140703691,34,1
66,HS-grad,11,Divorced,Prof-specialty,Male,580.8068223299941,204.53805332887222,22,1
69,Some-college,7,Married-civ-spouse,Craft-repair,Male,340.4255841155766,157.30809748645834,17,1
59,HS-grad,13,Never-married,Craft-repair,Female,245.22465688125655,98.70591119225868,30,1
87,Some-college,13,Separated,Craft-repair,Female,500.8043337026639,138.73579823197974,77,1
32,Bachelors,2,Divorced,Sales,Male,608.4565713175622,16.493191773662982,34,0
71,Masters,3,Married-civ-spouse,Tech-support,Female,2.1864082458732064,61.30864938250955,77,1
77,Bachelors,11,Never-married,Sales,Male,91.3326611856045,43.26606584843427,54,1
25,Some-college,7,Never-married,Sales,Female,624.2167656343331,9.846934359420757,69,1
70,Masters,14,Married-civ-spouse,Exec-managerial,Male,548.8844425837361,66.57859080413012,21,1
77,Masters,4,Married-civ-spouse,Exec-managerial,Female,1691.3964705202707,253.50172797059273,41,1
22,Some-college,13,Separated,Sales,Female,715.7249288783703,4.088357876099898,22,1
85,Some-college,14,Married-civ-spouse,Prof-specialty,Female,1505.6535441884396,34.455005340385895,40,1
23,HS-grad,1,Separated,Exec-managerial,Male,606.2386014385437,23.261442908307973,29,0
64,Some-college,13,Separated,Sales,Male,176.9481245016324,27.200120069694396,27,1
72,Doctorate,14,Widowed,Tech-support,Male,55.669689106017955,239.07012823846583,69,1
57,Some-college,5,Never-married,Prof-specialty,Female,761.2262880572404,63.12415992576712,72,1
69,Doctorate,12,Never-married,Craft-repair,Female,516.6218987260125,62.79202956612405,15,1
33,Some-college,9,Never-married,Sales,Male,24.692827225770998,142.95177469038651,41,1
30,HS-grad,8,Widowed,Sales,Female,223.18297935387855,16.781789011229847,52,1
47,Doctorate,12,Separated,Prof-specialty,Male,1570.9552562720573,66.79968270904791,11,1
36,Bachelors,15,Separated,Exec-managerial,Male,346.9748969941752,56.20929783514891,69,1
34,Doctorate,9,Married-civ-spouse,Exec-managerial,Male,283.4591875362745,90.85971300409066,32,0
80,HS-grad,10,Widowed,Exec-managerial,Male,305.96759852499946,772.352952206246,40,1
36,Doctorate,14,Married-civ-spouse,Craft-repair,Female,117.1545296262979,146.72827234727734,14,1
75,Some-college,9,Widowed,Prof-specialty,Female,229.9927262795851,50.72747738643459,43,1
72,Some-college,15,Married-civ-spouse,Prof-specialty,Female,230.8695422260187,175.76656392285076,19,1
79,HS-grad,7,Divorced,Exec-managerial,Male,26.887670368048905,18.718339236116805,11,1
40,Masters,4,Never-married,Exec-managerial,Female,729.5779858065249,3.0937348898737214,20,0
26,Some-college,5,Never-married,Tech-support,Male,269.3592113318849,22.871953383094624,59,0
29,Bachelors,1,Separated,Tech-support,Male,863.4914198914489,41.613920833230836,40,0
18,HS-grad,14,Divorced,Sales,Male,949.7213438694287,71.45358101105604,65,1
75,Doctorate,1,Never-married,Sales,Male,119.12482217703125,95.48474309407133,18,0
18,Doctorate,3,Separated,Prof-specialty,Male,535.5279617356548,241.4698549791932,30,0
51,Bachelors,13,Divorced,Prof-specialty,Male,319.5964288803716,71.30519925597378,37,1
65,Some-college,14,Never-married,Craft-repair,Female,1060.78526965118,69.57017298959526,71,1
18,HS-grad,8,Married-civ-spouse,Craft-repair,Female,121.50777348314861,5.154912692356864,16,0
33,Bachelors,14,Widowed,Tech-support,Female,566.3118891917223,3.5535526564714983,25,1
78,Some-college,2,Divorced,Sales,Female,467.93064892154507,80.1088717336469,13,0
81,HS-grad,4,Separated,Tech-support,Male,174.9925976950795,57.65712967708981,13,1
80,Doctorate,2,Divorced,Tech-support,Male,73.43912124034377,182.74720079048132,49,1
86,HS-grad,14,Separated,Sales,Female,527.2590817927141,17.51627440045595,26,1
39,Masters,5,Divorced,Craft-repair,Female,670.8468768927355,2.528874391132039,61,1
84,HS-grad,9,Separated,Sales,Female,189.62634533008838,59.60908315243777,61,1
43,Masters,1,Never-married,Exec-managerial,Female,517.583031340249,27.112464860387327,45,0
33,HS-grad,5,Married-civ-spouse,Exec-managerial,Female,251.37161029068372,5.0887453950698776,47,0
68,Masters,14,Never-married,Exec-managerial,Female,624.4970854163753,128.95244721100855,59,1
74,Doctorate,15,Married-civ-spouse,Prof-specialty,Female,111.08156285303549,11.832530761115029,72,1
46,Some-college,9,Never-married,Craft-repair,Female,1104.6156976364957,93.73088225665997,72,1
86,Masters,15,Never-married,Craft-repair,Male,169.42424636730937,32.9963117211249,71,1
64,Masters,1,Divorced,Prof-specialty,Male,229.26365759416947,19.055058297267248,16,0
79,Doctorate,9,Widowed,Tech-support,Male,29.923811421853042,47.76351117446678,36,1
86,Masters,8,Separated,Exec-managerial,Male,59.117188178355676,161.66930485158284,23,1
33,Bachelors,4,Separated,Exec-managerial,Female,362.69254399420305,49.773431824375535,14,0
65,Doctorate,12,Separated,Tech-support,Male,155.70923361286228,138.93777065919565,64,1
56,Bachelors,11,Married-civ-spouse,Sales,Female,902.362253873503,13.40873148911332,11,1
50,Doctorate,10,Separated,Sales,Male,7.401202847220853,148.17988063188636,71,1
40,Masters,5,Separated,Craft-repair,Female,238.2878278273536,27.040986607211682,30,0
27,Bachelors,13,Divorced,Prof-specialty,Female,205.75080567082148,113.13208174510562,30,1
86,Masters,5,Never-married,Craft-repair,Male,9.758425834938556,83.42075416502618,19,1
51,Doctorate,11,Separated,Sales,Male,66.40491165229436,264.71157526284793,67,1
69,Masters,12,Widowed,Tech-support,Female,266.91295273787273,48.991661196656366,48,1
27,Bachelors,6,Separated,Craft-repair,Female,339.48860961699603,6.845571810228017,14,0
36,Bachelors,7,Married-civ-spouse,Exec-managerial,Female,259.00044161986096,1.9341328972891516,74,1
75,Masters,8,Married-civ-spouse,Exec-managerial,Male,378.5098187566613,175.36464518784254,22,1
18,HS-grad,15,Married-civ-spouse,Tech-support,Male,452.0966939817584,74.38840774735607,62,1
86,Doctorate,14,Separated,Sales,Female,4.986695229076359,149.2740140285175,54,1
21,Doctorate,8,Divorced,Exec-managerial,Male,311.8993349833095,26.7128877244031,41,0
33,Masters,11,Widowed,Exec-managerial,Female,1655.211110504819,42.324790726652274,45,1
41,HS-grad,14,Separated,Prof-specialty,Male,365.97756079241276,3.056629797262721,69,1
19,Bachelors,13,Divorced,Craft-repair,Male,565.8916066119483,325.6897695846931,20,0
49,Some-college,2,Divorced,Sales,Male,186.88428984494018,110.22225178123868,72,1
41,Some-college,9,Separated,Craft-repair,Male,743.5910653354988,270.61283654016364,30,1
29,Masters,7,Separated,Sales,Male,741.22971324484,30.856039220123193,61,1
67,HS-grad,4,Divorced,Exec-managerial,Female,368.3364631013783,94.53684487618945,64,1
52,HS-grad,4,Divorced,Prof-specialty,Female,1865.1387922679223,113.47576366812572,35,1
50,Doctorate,11,Divorced,Craft-repair,Male,67.08020364218744,38.20655754648315,77,1
50,Bachelors,8,Separated,Exec-managerial,Female,8.5464600292336,188.4593667908195,43,1
78,HS-grad,4,Divorced,Sales,Female,735.1820419798913,294.05144851815083,61,1
68,Some-college,13,Married-civ-spouse,Craft-repair,Male,822.935654032973,216.15640974373923,61,1
60,Bachelors,15,Separated,Craft-repair,Female,64.03444343923533,134.34915173846713,38,1
29,Bachelors,6,Married-civ-spouse,Exec-managerial,Male,154.33903217401743,32.49889739966056,47,0
84,Masters,5,Never-married,Craft-repair,Female,8.8541163532325,33.07510925686839,51,1
82,HS-grad,3,Separated,Prof-specialty,Female,173.5806079258283,330.66234850124306,30,1
50,Masters,13,Never-married,Prof-specialty,Female,741.7152260640561,1.0337746784078452,51,1
57,HS-grad,14,Divorced,Exec-managerial,Female,364.864637786035,125.89570184243082,22,1
60,Doctorate,10,Divorced,Sales,Female,213.9286715466708,122.50131499674364,73,1
61,Masters,11,Widowed,Exec-managerial,Female,232.4000315796827,97.46869316163284,26,1
46,Masters,2,Divorced,Prof-specialty,Female,0.6772713471739074,461.61144654179714,18,0
30,Some-college,9,Never-married,Tech-support,Male,178.19501195560352,37.37912176857879,50,1
29,Masters,10,Divorced,Tech-support,Male,519.8775432802587,41.54728142540341,10,0
63,HS-grad,9,Separated,Craft-repair,Male,1828.5827271425899,8.222945004491383,11,1
19,Some-college,1,Divorced,Craft-repair,Male,938.8574993123457,58.48276927599995,69,0
52,Masters,10,Widowed,Tech-support,Female,11.93889170775825,30.252302491911642,57,1
25,Masters,3,Divorced,Prof-specialty,Female,1144.1468746111293,42.066002157273154,38,0
43,Doctorate,8,Never-married,Craft-repair,Female,764.3863453550762,179.92179562535264,19,0
51,Masters,6,Never-married,Exec-managerial,Male,757.9194241744998,274.0849983650983,67,1
24,Bachelors,5,Divorced,Exec-managerial,Male,306.24072642822296,20.546704536450704,69,1
85,Some-college,5,Never-married,Prof-specialty,Male,253.75331299759785,46.60258416288361,30,1
75,Bachelors,6,Never-married,Craft-repair,Female,180.4244849911565,263.98855421040753,37,1
46,Some-college,15,Widowed,Exec-managerial,Male,33.97609531713543,6.380115113017133,43,1
53,Doctorate,7,Separated,Craft-repair,Female,129.53782521651374,9.690803662038801,17,0
38,Masters,1,Widowed,Craft-repair,Male,141.58190425046666,17.76815254560648,68,0
53,Masters,9,Married-civ-spouse,Exec-managerial,Female,330.89894227968347,90.43938663703712,58,1
27,Masters,3,Widowed,Tech-support,Male,688.0619413033578,16.307469685607884,26,0
41,Some-college,4,Divorced,Exec-managerial,Female,321.04629430782745,344.44091497533776,69,1
81,Masters,10,Separated,Prof-specialty,Male,29.792445031242043,59.188118508608866,54,1
66,Bachelors,1,Divorced,Sales,Male,1582.5467021983784,69.61877190159892,78,1
53,Masters,13,Married-civ-spouse,Exec-managerial,Female,1429.9395811760219,28.32367884570469,41,1
41,Doctorate,11,Separated,Craft-repair,Female,768.9996178639589,63.669171277207695,53,1
40,Bachelors,10,Never-married,Craft-repair,Male,2373.8222416799717,108.44538913974355,74,1
79,Masters,3,Widowed,Exec-managerial,Female,393.16038832314484,139.10140290675085,17,1
54,Masters,2,Divorced,Sales,Male,1645.2980398914501,140.18876376332716,52,1
29,HS-grad,2,Married-civ-spouse,Exec-managerial,Female,39.30792672458491,86.24919714380526,10,0
72,Some-college,14,Never-married,Sales,Male,227.60144982313844,234.71617837584068,60,1
30,Bachelors,1,Widowed,Sales,Female,127.69216469929553,170.05002871341645,33,0
40,HS-grad,8,Never-married,Prof-specialty,Male,108.9742122761541,141.48918581217475,33,1
47,Doctorate,3,Widowed,Craft-repair,Male,75.87849368554251,5.721132054820683,26,0
34,Some-college,3,Separated,Craft-repair,Male,486.9779861959905,0.6901724421494768,14,0
79,Bachelors,6,Never-married,Sales,Female,760.0771455615799,23.88249609303227,29,1
30,Masters,13,Never-married,Craft-repair,Male,431.7286613479134,108.92272479973313,30,1
76,Bachelors,8,Never-married,Tech-support,Female,79.47600783391258,52.966444677110594,67,1
36,Masters,13,Separated,Sales,Female,833.3316729073272,51.48441192801495,40,1
66,Some-college,15,Married-civ-spouse,Craft-repair,Female,505.2384941086985,215.92373111684347,20,1
29,Masters,9,Widowed,Tech-support,Male,245.6468973888904,225.91698060308954,61,1
78,Doctorate,9,Never-married,Prof-specialty,Female,560.628828533534,239.8823608157773,24,1
36,Masters,4,Separated,Craft-repair,Female,150.48834729935857,37.669993602088276,16,0
26,Doctorate,14,Married-civ-spouse,Tech-support,Female,211.70676724698143,117.4594642150482,37,1
88,Some-college,5,Widowed,Exec-managerial,Male,1247.3927009813524,31.69504858103928,60,1
45,Some-college,2,Separated,Exec-managerial,Female,171.600566445232,21.147419521121357,67,1
69,Bachelors,11,Widowed,Tech-support,Female,317.4280685649471,20.411629481893115,14,1
33,Doctorate,9,Never-married,Sales,Female,1104.2794021308753,41.87139185772695,14,0
86,Doctorate,8,Married-civ-spouse,Sales,Female,615.0238259218661,56.204456965398876,17,1
29,HS-grad,3,Separated,Craft-repair,Male,32.11100623703637,177.7555846291423,73,1
42,HS-grad,11,Married-civ-spouse,Exec-managerial,Male,79.67553170232789,12.77096217498297,19,1
69,HS-grad,12,Never-married,Sales,Female,3.9362488619868072,132.7745670987209,47,1
70,Masters,13,Married-civ-spouse,Sales,Female,498.3733534007457,75.81229475460697,17,1
40,HS-grad,9,Married-civ-spouse,Exec-managerial,Female,296.8078935051169,33.96006046120076,34,1
33,Doctorate,3,Divorced,Prof-specialty,Female,72.09390029505175,67.88884896425267,75,1
74,Masters,9,Married-civ-spouse,Sales,Male,1584.2591716576112,35.65921899015459,59,1
56,Some-college,2,Widowed,Tech-support,Male,377.14942731423133,90.6543281100516,76,1
70,Bachelors,12,Separated,Craft-repair,Male,138.46556515460236,56.88854841195724,58,1
59,HS-grad,10,Divorced,Sales,Male,347.1775260262578,17.961186621831356,45,1
75,Some-college,9,Separated,Sales,Female,569.1242631366281,12.39580205689023,77,1
56,Doctorate,15,Separated,Prof-specialty,Female,39.65106738502541,79.11915955394043,50,1
31,Bachelors,8,Never-married,Tech-support,Male,160.58758829254643,232.70113322475052,71,1
22,Some-college,9,Never-married,Craft-repair,Male,822.443151175426,42.15299899195753,19,0
52,Bachelors,5,Divorced,Sales,Female,307.78286077867364,132.05070221648265,30,0
35,HS-grad,11,Never-married,Craft-repair,Female,395.46506380290174,107.48802004719742,45,1
26,Doctorate,11,Never-married,Exec-managerial,Female,283.53575840115565,268.1723523973739,21,0
75,Bachelors,2,Never-married,Sales,Female,22.446354450078513,172.02634301559866,11,0
34,Some-college,8,Separated,Sales,Female,90.61094871259682,83.61063240224009,22,0
24,HS-grad,12,Divorced,Exec-managerial,Male,294.88178371113804,107.01137519038946,62,1
63,HS-grad,15,Separated,Prof-specialty,Male,117.345904124512,228.65785497954332,41,1
30,Some-college,6,Widowed,Sales,Female,25.63560976806342,51.00239195282881,25,0
57,Some-college,8,Separated,Craft-repair,Female,927.8280231937154,39.570495255169256,41,1
59,Bachelors,11,Widowed,Tech-support,Male,1986.7505515976197,1.0869948043014717,41,1
26,Masters,5,Married-civ-spouse,Craft-repair,Female,787.8634682838713,175.18720986755773,20,0
67,HS-grad,10,Married-civ-spouse,Prof-specialty,Male,961.338301134739,161.4353476062518,19,1
44,Bachelors,2,Widowed,Tech-support,Male,138.52086135460567,11.032226937987565,24,0
83,Some-college,6,Widowed,Craft-repair,Male,1617.3371774293942,86.00459963188796,26,1
22,Bachelors,5,Separated,Craft-repair,Male,109.65402342068911,62.358697328323856,49,0
46,Some-college,12,Widowed,Exec-managerial,Female,1512.3726591010259,12.636750948930697,27,1
54,Doctorate,13,Divorced,Prof-specialty,Female,2631.4069659946476,394.0845772237502,64,1
55,Some-college,12,Married-civ-spouse,Exec-managerial,Male,621.916390842341,24.168423171619906,34,1
25,Some-college,5,Married-civ-spouse,Tech-support,Female,1985.454944713223,6.960110652141278,68,1
82,Some-college,13,Widowed,Exec-managerial,Female,421.45018127970314,90.34914421262091,31,1
34,Masters,1,Never-married,Prof-specialty,Female,150.24303624615976,134.27241864990606,39,0
88,Some-college,2,Never-married,Sales,Female,287.23417149640477,3.298140208855304,53,1
62,HS-grad,8,Widowed,Sales,Male,450.1606318808089,107.50451054100307,41,1
21,HS-grad,13,Divorced,Tech-support,Female,37.94485110692194,75.99108441883163,60,1
53,Bachelors,14,Never-married,Sales,Male,486.8848016974755,10.899489967668833,55,1
87,Masters,13,Widowed,Exec-managerial,Male,1986.360103937694,18.937502646305827,30,1
48,Bachelors,3,Divorced,Tech-support,Female,105.42697055766685,83.92701955543829,41,0
36,HS-grad,10,Divorced,Prof-specialty,Male,786.5412180781225,35.14850256269303,48,1
78,HS-grad,3,Separated,Tech-support,Female,1192.4336194756286,278.57263019839536,21,1
71,Doctorate,8,Divorced,Tech-support,Female,1438.5445179462479,170.78240804053527,56,1
56,Some-college,8,Never-married,Craft-repair,Male,1611.1358472240993,410.84763378712006,27,1
36,HS-grad,2,Never-married,Craft-repair,Female,368.5073610284772,30.066037945438417,30,0
56,Bachelors,8,Widowed,Tech-support,Male,1892.869392429678,349.73878311233983,22,1
84,Bachelors,11,Widowed,Sales,Male,707.9856118620868,56.42859483130849,30,1
62,Some-college,13,Divorced,Craft-repair,Female,88.17258724042813,42.6972945278714,17,1
30,Some-college,13,Married-civ-spouse,Prof-specialty,Female,323.99141606916015,5.1661285213504895,55,1
75,Doctorate,1,Separated,Exec-managerial,Female,633.5116394606259,5.4208336745065475,16,0
37,Masters,6,Married-civ-spouse,Craft-repair,Male,142.07104998989794,117.7692041957704,32,0
89,Bachelors,8,Divorced,Tech-support,Female,511.68077623067643,61.235827954381904,31,1
78,Some-college,3,Divorced,Sales,Male,549.2068727594815,25.685756803615135,31,1
56,Bachelors,8,Married-civ-spouse,Exec-managerial,Male,88.7862718992548,95.18409858574385,38,1
18,Some-college,12,Separated,Craft-repair,Female,416.30269385432894,29.150017647661468,22,0
20,HS-grad,1,Married-civ-spouse,Sales,Female,738.387316020698,86.18777254207312,11,0
79,Bachelors,11,Widowed,Sales,Female,345.470472579968,44.50515334189824,38,1
80,HS-grad,11,Never-married,Sales,Male,6.088477943850166,173.47303478796616,61,1
42,Bachelors,9,Widowed,Tech-support,Female,4.539781925452143,171.86734862566172,36,1
73,Masters,13,Never-married,Prof-specialty,Male,220.82809591005338,64.88440167417792,59,1
50,Doctorate,11,Divorced,Sales,Female,1303.1580885262008,43.20438789798166,32,1
55,HS-grad,13,Separated,Exec-managerial,Female,129.82388548195848,45.02948048729824,53,1
23,Some-college,9,Married-civ-spouse,Craft-repair,Male,503.05806252761,163.84266843651193,31,0
75,Masters,5,Separated,Exec-managerial,Male,125.56313986525485,39.77640616296515,52,1
61,Bachelors,10,Married-civ-spouse,Tech-support,Female,194.06068427327784,23.453237560803508,46,1
62,HS-grad,4,Widowed,Tech-support,Female,942.0758508770627,8.849066172868149,70,1
49,Bachelors,15,Widowed,Exec-managerial,Female,652.5626528131986,62.86582623108428,65,1
62,Bachelors,11,Married-civ-spouse,Prof-specialty,Female,50.13081151833449,65.80350864648464,12,1
78,Bachelors,6,Separated,Tech-support,Female,279.9221753900893,183.8277093112653,72,1
64,Doctorate,12,Married-civ-spouse,Tech-support,Male,14.80182990112607,25.00506939887871,28,1
38,Doctorate,7,Divorced,Exec-managerial,Male,327.81987731790286,47.96359089306733,32,0
53,Some-college,5,Widowed,Tech-support,Male,542.9971334477727,165.2375366366252,38,1
36,HS-grad,11,Divorced,Prof-specialty,Male,63.066626718479206,173.51349921511564,39,1
37,Masters,13,Widowed,Prof-specialty,Female,170.46051616351724,48.55008142717098,48,1
74,Masters,10,Widowed,Prof-specialty,Male,253.61324214142516,61.456527463641855,34,1
35,Masters,9,Never-married,Craft-repair,Male,1259.941784148555,36.138012575063684,17,0
64,Bachelors,3,Divorced,Prof-specialty,Male,2499.4780379511753,269.6441025397904,67,1
66,Doctorate,15,Divorced,Prof-specialty,Female,22.97553109084137,12.629338260806694,25,1
31,HS-grad,7,Never-married,Craft-repair,Male,715.6624401502872,271.43111047419586,10,0
32,Bachelors,10,Separated,Sales,Female,232.3879121527445,115.15905339000008,14,0
48,Doctorate,10,Divorced,Tech-support,Male,249.16713844208655,75.83731970333133,12,0
18,Doctorate,11,Married-civ-spouse,Prof-specialty,Female,701.7507254976709,3.320427150562829,74,1
71,HS-grad,5,Never-married,Tech-support,Male,1253.1249964185863,64.54932651471988,13,1
20,HS-grad,14,Divorced,Exec-managerial,Female,1507.239393293603,52.382323629066974,73,1
33,HS-grad,7,Separated,Tech-support,Male,430.33647172273186,17.580540745327074,19,0
74,Bachelors,15,Divorced,Craft-repair,Female,220.89950032470702,106.83050389153041,30,1
29,Some-college,2,Widowed,Tech-support,Female,774.5221547885493,354.5676737763038,55,0
33,HS-grad,4,Married-civ-spouse,Tech-support,Male,144.5090711393864,82.59675370352235,36,0
89,Some-college,2,Never-married,Tech-support,Female,415.1414204758868,125.44007765248352,75,1
41,Bachelors,14,Widowed,Sales,Female,222.03420593832678,7.090589933631709,50,1
45,Some-college,13,Separated,Sales,Male,534.4749114938969,54.07128227430151,22,1
25,Masters,13,Widowed,Exec-managerial,Male,137.4809344442548,12.370382479666217,18,0
53,Some-college,12,Widowed,Craft-repair,Female,106.3447836422213,94.88031683082929,45,1
25,HS-grad,7,Separated,Tech-support,Male,1251.9779908948435,278.84280359045823,67,1
75,Bachelors,2,Widowed,Tech-support,Male,53.68330935189589,108.40520033830263,63,1
77,HS-grad,13,Never-married,Tech-support,Male,352.5672792049088,7.991268513412317,21,1
67,Masters,14,Divorced,Tech-support,Female,124.77763444526256,43.79875843983029,23,1
45,HS-grad,11,Widowed,Sales,Female,19.853996856933325,79.99829604202996,43,1
58,HS-grad,1,Never-married,Exec-managerial,Female,18.34175280566355,51.618622637886745,62,1
81,HS-grad,9,Divorced,Prof-specialty,Female,96.32037172916343,179.3625271606307,29,1
44,Doctorate,1,Divorced,Craft-repair,Female,1007.8404909353613,168.56226803821806,25,0
80,Masters,8,Widowed,Tech-support,Female,165.9763533340247,94.63145189701983,79,1
34,HS-grad,15,Never-married,Exec-managerial,Female,1502.4790562678797,46.753938021527816,65,1
50,HS-grad,2,Widowed,Prof-specialty,Male,435.68532458693187,29.482267097022934,67,1
46,HS-grad,12,Separated,Exec-managerial,Female,286.89530490754385,11.1908930035361,13,1
30,Bachelors,8,Divorced,Sales,Female,433.85605059705165,43.83463445134082,13,0
63,Doctorate,13,Widowed,Prof-specialty,Male,363.5571794975433,53.30243987856997,29,1
52,Bachelors,3,Divorced,Exec-managerial,Male,711.0151842746741,112.64653850249829,19,0
23,Doctorate,6,Never-married,Sales,Male,165.9884241993632,107.34119736562513,33,0
86,HS-grad,3,Married-civ-spouse,Exec-managerial,Female,217.7434362613133,7.268697877993113,35,1
64,Masters,14,Widowed,Exec-managerial,Male,1122.6031136902604,50.295553338270715,46,1
42,Some-college,7,Widowed,Prof-specialty,Female,1463.6305584720753,20.062264543779218,63,1
83,Some-college,10,Divorced,Sales,Female,1115.4031145986537,17.056616928390106,30,1
27,HS-grad,9,Never-married,Tech-support,Female,271.887946748747,175.62117417196362,47,1
73,Bachelors,2,Separated,Craft-repair,Male,757.8952457757637,4.281900463101456,55,1
47,Masters,15,Never-married,Prof-specialty,Male,323.45225620584085,54.33193322665865,13,1
22,Doctorate,12,Widowed,Sales,Female,344.11947497368476,18.416764668961786,69,1
50,HS-grad,12,Separated,Exec-managerial,Female,114.50543335802254,211.46975192395195,66,1
82,Masters,15,Never-married,Sales,Female,447.17938178699706,81.42769652071141,54,1
35,Masters,14,Married-civ-spouse,Craft-repair,Male,102.98093873716539,26.31594078000812,29,1
66,Doctorate,5,Divorced,Craft-repair,Female,201.40783478645918,69.80135766138082,26,1
28,Masters,13,Never-married,Tech-support,Male,965.6149226451774,131.4853564472995,13,0
43,Bachelors,6,Never-married,Tech-support,Female,116.01382995655153,317.2899351594003,23,0
80,Bachelors,4,Married-civ-spouse,Craft-repair,Male,36.908468501513134,24.90333231532837,12,0
76,Bachelors,4,Widowed,Prof-specialty,Female,35.75207853447731,217.31525955061656,67,1
44,Masters,4,Divorced,Prof-specialty,Male,1413.286146641773,272.2718975962064,64,1
66,Bachelors,2,Never-married,Exec-managerial,Male,353.5423672578998,248.19575370836895,13,0
50,Doctorate,4,Separated,Tech-support,Male,263.3183749008319,100.89937945340156,33,0
18,Masters,11,Never-married,Exec-managerial,Male,832.6830208309165,99.37676730375314,43,1
38,Some-college,1,Divorced,Tech-support,Male,903.4139994404849,51.619104724833264,39,0
72,Masters,12,Never-married,Craft-repair,Male,201.8765620314438,139.59321853156544,28,1
23,Doctorate,6,Married-civ-spouse,Prof-specialty,Female,591.4613885831744,75.77796119222651,40,0
86,Some-college,1,Never-married,Prof-specialty,Female,737.284866529631,113.14601339820855,69,1
22,Masters,10,Never-married,Craft-repair,Female,531.5994361736102,55.941713940274106,69,1
20,Bachelors,6,Separated,Exec-managerial,Female,82.19862551402466,131.4891195820636,28,0
70,HS-grad,1,Married-civ-spouse,Exec-managerial,Male,1043.265641370974,173.99539563927044,58,1
40,HS-grad,6,Married-civ-spouse,Sales,Female,387.28118028546186,15.833505482968752,72,1
70,Bachelors,10,Never-married,Tech-support,Male,165.97195097022185,178.93406902791594,31,1
54,HS-grad,8,Separated,Exec-managerial,Male,276.89108059388406,77.71736316917954,33,1
34,HS-grad,11,Never-married,Craft-repair,Male,19.14753785135114,186.2177056434934,39,1
18,Bachelors,2,Never-married,Exec-managerial,Female,68.406557923332,56.44052250976836,67,0
68,Bachelors,2,Divorced,Prof-specialty,Male,725.2495367560701,47.648939302738846,40,1
62,Masters,14,Divorced,Tech-support,Female,0.005817411525216162,246.5818778071359,73,1
21,Masters,15,Separated,Sales,Female,269.41182510663555,28.924231239120246,28,1
79,Bachelors,13,Widowed,Tech-support,Female,369.6062204669365,185.92612583419813,57,1
82,Doctorate,12,Divorced,Prof-specialty,Female,28.091784578248458,66.16883834996436,54,1
49,HS-grad,4,Widowed,Prof-specialty,Female,1807.4087681393878,72.17430582178052,64,1
51,Masters,11,Married-civ-spouse,Prof-specialty,Male,128.1726725915564,36.88462597889831,64,1
89,HS-grad,3,Divorced,Prof-specialty,Male,181.3455880670851,85.10701011270652,27,1
56,Some-college,4,Divorced,Craft-repair,Female,181.1615123619793,39.33555204399868,72,1
43,Bachelors,13,Separated,Sales,Male,130.95301511269733,4.0061257122726746,56,1
51,Doctorate,12,Widowed,Prof-specialty,Female,0.737454615192529,31.745231505151146,66,1
71,Some-college,7,Divorced,Prof-specialty,Male,653.4547855373437,0.6399476445828731,54,1
20,Some-college,13,Divorced,Exec-managerial,Male,1703.2884094513745,383.2970960153524,42,1
67,Some-college,11,Separated,Sales,Male,126.9905152221055,337.39872524751434,26,1
29,Bachelors,1,Separated,Tech-support,Male,543.9061967302936,50.27835439386897,79,1
82,Masters,6,Widowed,Sales,Male,677.1969706403121,130.33175780816856,13,1
71,Bachelors,15,Married-civ-spouse,Sales,Male,943.3386140185173,42.43514858571407,29,1
22,Masters,15,Married-civ-spouse,Sales,Male,274.6352896936128,111.1980720548938,56,1
74,Some-college,3,Never-married,Prof-specialty,Male,180.4353710296746,163.69635047353424,24,1
34,Some-college,11,Divorced,Prof-specialty,Male,196.73995965731768,293.28747524851974,79,1
64,Doctorate,10,Widowed,Craft-repair,Male,623.4772679962116,51.117947944831535,56,1
40,Masters,7,Divorced,Tech-support,Male,848.5323753150265,152.9232062481517,18,0
31,Some-college,10,Widowed,Exec-managerial,Male,100.21056582081991,30.914877641552607,25,0
83,HS-grad,2,Widowed,Sales,Male,231.7651199833902,463.8965239229588,78,1
68,Doctorate,14,Widowed,Tech-support,Female,1161.0888745885163,2.6107451736873193,70,1
55,Bachelors,2,Divorced,Tech-support,Male,821.7391843646855,92.51518925039456,19,0
81,Doctorate,13,Separated,Craft-repair,Male,2095.154769341188,107.73577208048117,59,1
55,HS-grad,4,Divorced,Exec-managerial,Male,701.7167191600204,116.48981180973006,12,0
67,Masters,1,Widowed,Sales,Male,249.7740614418322,12.827389897000618,79,1
47,Bachelors,3,Never-married,Exec-managerial,Male,446.577511649979,278.92025055890326,60,1
68,Bachelors,13,Married-civ-spouse,Craft-repair,Male,540.8986102064621,19.989500411636573,28,1
80,Masters,9,Widowed,Prof-specialty,Female,40.852277727415554,97.48562025540377,51,1
69,Doctorate,7,Never-married,Tech-support,Female,393.1764431762053,25.189812890208263,44,1
55,Some-college,15,Separated,Sales,Female,617.7675616784138,36.703761863891735,55,1
47,Doctorate,7,Widowed,Prof-specialty,Male,91.55371515647234,79.06685951447729,35,1
68,HS-grad,13,Never-married,Craft-repair,Male,758.5016529870559,53.98999119392918,78,1
22,Some-college,13,Widowed,Exec-managerial,Male,438.2619835734714,17.46219958079338,73,1
46,Doctorate,11,Divorced,Tech-support,Female,1520.5927555552569,18.74584107710882,46,1
21,Masters,4,Never-married,Sales,Male,21.67420526105625,54.153363911283535,58,0
27,HS-grad,2,Divorced,Prof-specialty,Male,154.164301404719,141.58590338737292,30,0
73,HS-grad,15,Divorced,Prof-specialty,Female,460.09149758112187,228.2435926218123,73,1
34,HS-grad,14,Never-married,Tech-support,Female,175.88628455231762,8.78782932996094,14,1
34,Some-college,4,Married-civ-spouse,Exec-managerial,Male,626.6238300943795,49.93976847166674,79,1
86,Bachelors,6,Never-married,Craft-repair,Male,711.4901324549239,10.563340146874665,13,1
51,Some-college,11,Married-civ-spouse,Exec-managerial,Male,54.07997301929704,1.6731677737616528,48,1
23,Doctorate,11,Widowed,Exec-managerial,Male,360.62362177253794,108.38774297986396,44,1
70,Bachelors,3,Widowed,Exec-managerial,Female,355.5441374949078,92.24331629545526,10,0
83,Doctorate,1,Never-married,Tech-support,Male,230.44723809362839,17.79540448524371,33,1
60,Bachelors,14,Widowed,Tech-support,Male,1350.9709168835877,26.632879586794566,66,1
40,Some-college,12,Separated,Craft-repair,Female,878.6973400640409,2.3993304648808653,79,1
72,HS-grad,8,Divorced,Exec-managerial,Male,597.3568708741899,180.14898907711344,50,1
33,Masters,12,Divorced,Tech-support,Male,626.4531019127749,367.6579254625421,63,1
25,HS-grad,13,Married-civ-spouse,Craft-repair,Female,309.68462211463793,14.555716962699087,55,1
21,Some-college,5,Widowed,Craft-repair,Female,1269.1190378560188,26.328246377837473,69,1
21,Bachelors,15,Married-civ-spouse,Exec-managerial,Male,593.0589566671046,202.80606331272173,69,1
73,HS-grad,5,Divorced,Sales,Female,652.7832886776416,260.9977449209915,66,1
42,Some-college,11,Divorced,Exec-managerial,Female,989.1321354357859,54.408493828357926,40,1
84,Doctorate,4,Widowed,Sales,Male,160.15193846438726,5.194874311459001,33,1
84,Masters,6,Separated,Craft-repair,Female,822.7162675622995,4.018868853085417,45,1
44,HS-grad,3,Separated,Tech-support,Male,108.60596594951663,85.31982543531234,39,0
49,Bachelors,9,Widowed,Prof-specialty,Male,211.82112208300725,49.90537003688611,33,1
67,Doctorate,5,Widowed,Craft-repair,Male,204.44331813511394,2.90709216796071,39,1
78,Some-college,3,Married-civ-spouse,Tech-support,Male,1920.4438111263078,87.52744977697657,16,1
68,Masters,11,Widowed,Craft-repair,Female,970.8398381862212,1.1366895662418233,44,1
36,Bachelors,1,Separated,Exec-managerial,Male,603.939982992444,154.82109221921846,64,0
38,Some-college,10,Widowed,Sales,Male,649.2457117101071,36.590717687223226,23,1
22,Some-college,12,Married-civ-spouse,Craft-repair,Male,412.85128984206546,4.109078377546741,19,0
59,HS-grad,6,Married-civ-spouse,Tech-support,Male,1469.5877652546008,88.75872005714682,25,1
78,HS-grad,15,Married-civ-spouse,Exec-managerial,Female,342.8462706605279,50.697374251656115,63,1
39,Bachelors,2,Married-civ-spouse,Prof-specialty,Female,239.43558284108542,364.20116453299835,79,1
38,Some-college,13,Never-married,Exec-managerial,Female,88.98671397007587,78.56982277819277,53,1
87,HS-grad,3,Widowed,Sales,Male,771.37035894156,32.19135834366805,54,1
18,Masters,1,Divorced,Exec-managerial,Female,662.9646409861012,123.59412760671195,65,0
22,Masters,9,Widowed,Prof-specialty,Female,242.54242142454214,31.67566754287018,66,1
29,Some-college,8,Never-married,Tech-support,Male,12.758100477195537,234.59445897471602,30,0
63,HS-grad,12,Married-civ-spouse,Craft-repair,Female,913.1671580553208,46.95588809727146,77,1
51,Bachelors,2,Never-married,Sales,Male,5.7418345521317775,79.82156561460809,59,1
66,Bachelors,15,Separated,Prof-specialty,Female,608.191040330119,5.189674360981235,42,1
62,Bachelors,12,Separated,Sales,Female,1757.582578969906,55.533712091645256,16,1
44,Masters,11,Widowed,Exec-managerial,Female,287.82549581847945,178.59575708045602,79,1
43,HS-grad,8,Widowed,Sales,Female,133.92234052435344,163.80884748715226,24,0
64,HS-grad,12,Divorced,Prof-specialty,Male,610.1713820598991,25.4013357069355,41,1
73,Masters,14,Divorced,Craft-repair,Male,849.4848005046626,25.62855695393642,29,1
80,Bachelors,9,Separated,Craft-repair,Female,395.3031815944503,169.99388921743534,24,1
65,Bachelors,1,Married-civ-spouse,Sales,Male,1706.1586182015417,266.49680131827876,57,1
78,Some-college,13,Never-married,Tech-support,Female,26.52569402128082,10.021922286375343,30,1
43,Doctorate,5,Divorced,Sales,Female,351.3923344642869,59.794362357822294,51,1
53,HS-grad,8,Divorced,Exec-managerial,Female,633.729623674889,41.16657106188566,35,1
18,HS-grad,15,Married-civ-spouse,Craft-repair,Female,992.5767462153395,204.55307122513906,23,1
25,HS-grad,11,Married-civ-spouse,Craft-repair,Female,98.77178007997745,8.722039666546804,66,1
69,Doctorate,14,Widowed,Craft-repair,Female,804.7276607020212,23.71485938913611,46,1
64,Some-college,2,Never-married,Tech-support,Male,402.2707936999149,139.62167762121442,67,1
73,Doctorate,4,Married-civ-spouse,Tech-support,Male,252.54909675138964,5.265616897537502,30,1
31,Bachelors,7,Divorced,Prof-specialty,Female,70.61765505724637,67.83282861896274,78,1
45,Bachelors,3,Divorced,Sales,Male,1002.3368553021274,58.35881534227699,12,0
19,HS-grad,13,Separated,Sales,Female,85.55623193815549,40.706816079393754,46,1
43,Masters,12,Married-civ-spouse,Exec-managerial,Male,185.37813911121623,50.18201538710777,58,1
31,HS-grad,5,Widowed,Craft-repair,Male,171.2772202638604,75.48961814804646,28,0
76,Masters,8,Never-married,Tech-support,Male,1025.578801850155,17.598252106831833,21,1
73,Doctorate,12,Widowed,Exec-managerial,Female,558.4436228630647,84.86224532681885,70,1
24,Bachelors,10,Divorced,Exec-managerial,Male,796.4905291553204,163.69752550973982,50,1
20,Masters,3,Widowed,Tech-support,Female,144.15306609661312,142.77871213455,42,0
40,Doctorate,4,Divorced,Sales,Female,490.2467874882831,16.711761040988897,59,1
35,Bachelors,14,Divorced,Craft-repair,Female,424.01938106126795,16.16363423177122,77,1
55,Masters,15,Divorced,Sales,Male,894.3731370964587,31.221300069848528,42,1
32,HS-grad,9,Divorced,Exec-managerial,Male,1182.6935506050372,44.796777407365596,33,1
81,HS-grad,14,Divorced,Craft-repair,Male,6.1156347044856245,52.5018503553894,70,1
45,HS-grad,14,Separated,Prof-specialty,Female,560.459500444768,113.84885331551513,70,1
56,Doctorate,7,Widowed,Exec-managerial,Female,26.613792023111372,5.835016952137923,37,1
74,HS-grad,1,Separated,Sales,Male,397.9873036849448,3.5288068542029665,67,1
34,Some-college,14,Separated,Sales,Female,169.580835284943,49.743330741297385,52,1
61,Bachelors,12,Married-civ-spouse,Sales,Male,183.20148226473094,119.45628575330811,50,1
42,Doctorate,4,Married-civ-spouse,Tech-support,Male,217.67242483955857,21.497121470654392,48,0
34,HS-grad,4,Married-civ-spouse,Exec-managerial,Male,485.4955025691306,102.58391190380263,58,1
30,Bachelors,9,Never-married,Craft-repair,Male,203.270317391417,30.08728737222328,26,0
42,Masters,6,Married-civ-spouse,Sales,Female,659.6900519963843,217.23124564704275,79,1
85,HS-grad,9,Widowed,Sales,Male,259.1999393869146,226.03875099891226,79,1
27,Bachelors,12,Separated,Tech-support,Male,35.40075320679439,35.2807011587779,74,1
84,Some-college,15,Widowed,Craft-repair,Male,765.6828242916667,26.135665243125615,14,1
35,Masters,6,Married-civ-spouse,Exec-managerial,Male,168.2669464758569,52.984531015300284,11,0
51,Some-college,6,Never-married,Prof-specialty,Male,283.49245633047144,27.51365446183705,31,1
25,Bachelors,5,Never-married,Tech-support,Male,578.2963935159129,111.59126098179419,66,1
57,Some-college,5,Separated,Exec-managerial,Male,202.0751043452489,174.90717991613752,75,1
59,Bachelors,2,Widowed,Prof-specialty,Female,29.124851911949044,111.80768936885804,25,0
58,Bachelors,8,Divorced,Sales,Female,234.1393964260737,173.92644465266,60,1
23,Some-college,8,Widowed,Sales,Female,1445.2231245840162,50.58250843418695,48,1
69,Bachelors,11,Married-civ-spouse,Craft-repair,Female,513.240330335556,16.99784126375595,49,1
43,HS-grad,13,Divorced,Prof-specialty,Male,556.5774843475208,133.92235690718925,47,1
81,Bachelors,1,Never-married,Sales,Female,500.21967836806925,44.70287918955937,69,1
76,Doctorate,8,Separated,Sales,Female,110.9422589643863,111.25210442012357,68,1
73,Bachelors,5,Separated,Craft-repair,Female,270.92932275544615,31.559324643349555,19,1
76,Doctorate,2,Never-married,Exec-managerial,Male,695.030319049337,8.471906250393827,73,1
87,Bachelors,14,Married-civ-spouse,Sales,Female,53.44356102718182,490.3818230567541,72,1
50,Bachelors,2,Never-married,Tech-support,Female,162.76312482164752,16.984156636460163,58,1
70,Some-college,14,Married-civ-spouse,Tech-support,Male,161.70237065405098,445.85616450187786,73,1
39,HS-grad,15,Divorced,Exec-managerial,Female,282.83359202299044,378.4506717107503,41,1
38,HS-grad,15,Never-married,Prof-specialty,Male,1965.316066639828,157.89965090618762,16,1
87,Masters,6,Married-civ-spouse,Craft-repair,Female,34.944429248061496,107.71139295910264,30,1
87,Some-college,11,Divorced,Tech-support,Male,365.63328435297365,86.22928425493258,29,1
21,Some-college,13,Never-married,Tech-support,Female,98.83823033775566,201.06735676349174,35,1
79,HS-grad,9,Separated,Exec-managerial,Female,1764.683792612887,34.17012141942121,77,1
79,Some-college,1,Never-married,Prof-specialty,Female,60.12626257777126,63.05127444514089,24,0
41,HS-grad,12,Widowed,Prof-specialty,Male,258.4226883898694,96.5979969676255,23,1
72,Some-college,6,Never-married,Exec-managerial,Female,669.485941183854,52.965253620490095,36,1
26,Bachelors,9,Widowed,Tech-support,Male,609.635324351578,55.771888285596106,49,1
20,HS-grad,8,Divorced,Craft-repair,Male,274.7214115099548,40.09025337516593,67,1
48,HS-grad,11,Never-married,Tech-support,Male,212.7248644659102,83.06448666735943,37,1
57,Doctorate,6,Divorced,Prof-specialty,Male,253.42707571706296,190.09575256026636,35,1
53,Some-college,3,Divorced,Tech-support,Female,153.45029413501967,22.50558511023859,72,1
41,Some-college,8,Married-civ-spouse,Craft-repair,Female,114.91602143566874,272.4683349435251,75,1
23,HS-grad,9,Divorced,Sales,Female,329.8945959341901,116.82442513782401,34,0
83,Bachelors,1,Divorced,Tech-support,Male,156.35210297696756,173.31503134101564,12,0
21,Bachelors,12,Never-married,Exec-managerial,Female,169.4607823168569,81.23602967116906,53,1
23,Bachelors,9,Never-married,Sales,Male,534.6569496915921,151.1933330383703,51,1
68,Some-college,14,Separated,Exec-managerial,Male,1729.476784653158,1.6333058503340645,15,1
79,Doctorate,15,Married-civ-spouse,Exec-managerial,Male,462.71266347133366,170.58410255599657,48,1
74,HS-grad,6,Divorced,Exec-managerial,Female,40.05189942997254,4.096664986292486,61,1
83,Masters,6,Married-civ-spouse,Tech-support,Female,39.29633724427554,220.64877354850609,32,1
25,Doctorate,12,Widowed,Prof-specialty,Male,1512.304828716215,482.3667950531431,59,1
43,Masters,4,Divorced,Sales,Female,176.40605735917973,34.823560154579845,52,1
68,Doctorate,1,Married-civ-spouse,Craft-repair,Female,48.29233816040338,23.6125650647291,28,0
62,Bachelors,10,Separated,Prof-specialty,Male,456.95252387941207,144.97171906671588,78,1
61,Some-college,8,Separated,Tech-support,Male,488.61623565029197,29.172535674715718,60,1
22,Masters,2,Divorced,Exec-managerial,Female,522.7796404115659,200.66550029425972,20,0
87,Doctorate,12,Widowed,Craft-repair,Male,155.57909833478297,10.852394977398257,21,1
43,Some-college,1,Separated,Sales,Male,7.613006942445557,13.462364191664372,17,0
85,Masters,2,Separated,Prof-specialty,Female,1676.4232206039815,387.0475918680357,33,1
36,HS-grad,1,Widowed,Prof-specialty,Female,144.43675475963292,112.03638425948373,50,0
37,Doctorate,1,Married-civ-spouse,Craft-repair,Male,563.5464512230805,187.6580533875376,45,0
29,HS-grad,9,Separated,Tech-support,Female,613.1601122250381,39.20495662842343,64,1
64,Bachelors,13,Never-married,Sales,Male,470.81377909590987,112.85059329816718,18,1
18,HS-grad,14,Separated,Craft-repair,Male,187.64309924204463,90.19979306056842,56,1
31,HS-grad,1,Married-civ-spouse,Exec-managerial,Female,158.10679551628297,92.41972061363579,24,0
81,Doctorate,13,Married-civ-spouse,Sales,Male,455.23918161017946,114.73797006401978,57,1
55,Bachelors,4,Divorced,Prof-specialty,Male,1005.3147087469952,85.6511580612182,51,1
54,HS-grad,10,Never-married,Craft-repair,Male,1466.2259804712817,56.04753034927772,69,1
28,Some-college,6,Married-civ-spouse,Prof-specialty,Female,55.972072578713565,32.28571165790651,79,1
20,Masters,7,Widowed,Prof-specialty,Female,84.1079234315485,146.35267886230008,21,0
50,HS-grad,2,Never-married,Prof-specialty,Female,1447.8191298494596,25.65354440990672,11,0
23,Bachelors,6,Never-married,Tech-support,Male,666.9178069043613,117.88065028200192,16,0
67,HS-grad,7,Widowed,Prof-specialty,Male,1072.7642831722235,26.57024996236536,12,1
27,Masters,10,Separated,Exec-managerial,Female,113.21988527499603,98.17100940501913,12,0
22,Bachelors,14,Widowed,Exec-managerial,Female,442.8636336323545,137.46751943563507,36,1
40,Doctorate,10,Widowed,Sales,Female,603.8893427855406,24.68138568001089,49,1
27,Bachelors,2,Separated,Prof-specialty,Male,569.8919931745888,6.181508730450815,42,0
61,Doctorate,15,Separated,Prof-specialty,Female,262.2524557519717,14.038193897663728,10,1
19,Bachelors,2,Separated,Craft-repair,Male,7.757311732207487,93.13966724321659,17,0
30,Masters,10,Separated,Tech-support,Female,437.2458755453356,189.34361533710882,41,1
57,Masters,7,Separated,Sales,Male,145.91301618925726,4.604060995765256,57,1
19,Bachelors,12,Widowed,Prof-specialty,Male,299.14968667385017,132.48277749529015,13,0
82,HS-grad,1,Divorced,Craft-repair,Female,1580.0796297502718,41.75153909322173,79,1
80,Masters,8,Divorced,Tech-support,Male,254.6095554848561,65.11004066337759,28,1
34,Doctorate,11,Married-civ-spouse,Sales,Female,915.6711367572209,264.30991847557533,41,1
26,Doctorate,13,Divorced,Sales,Male,104.46046558564827,40.34244487742304,18,0
32,Some-college,3,Divorced,Prof-specialty,Male,558.0733072314863,62.61185135472468,21,0
41,Doctorate,11,Widowed,Sales,Female,1886.2817378428322,1.3776881677615842,20,1
55,Some-college,6,Separated,Craft-repair,Male,53.73308821031382,8.512085969485158,55,1
52,Bachelors,9,Separated,Sales,Female,4.177373062622428,29.92036464560498,25,1
66,Bachelors,6,Widowed,Exec-managerial,Female,284.21217841253446,2.824747045872233,10,0
86,Bachelors,9,Divorced,Craft-repair,Female,48.59999786930499,99.79762963455646,72,1
79,HS-grad,7,Widowed,Tech-support,Male,689.9262764478805,55.58201249895719,30,1
77,HS-grad,15,Married-civ-spouse,Tech-support,Male,1229.904116448158,79.43943957336256,39,1
67,Some-college,9,Separated,Prof-specialty,Male,284.59912786061886,19.19443306061396,22,1
26,Doctorate,2,Never-married,Prof-specialty,Female,149.68279124765962,35.08803783889429,43,0
51,Doctorate,12,Married-civ-spouse,Exec-managerial,Female,284.93701626667274,109.01218591487121,13,1
52,Bachelors,8,Married-civ-spouse,Tech-support,Male,642.6778759780298,336.10940858995065,37,1
18,Masters,8,Widowed,Tech-support,Male,4.547699803614305,5.173209970347977,68,1
57,HS-grad,2,Divorced,Tech-support,Female,445.133636144739,221.0774856810118,36,0
81,HS-grad,12,Separated,Tech-support,Male,475.04228892607284,86.01022914022198,78,1
39,Bachelors,14,Never-married,Sales,Female,507.62512067658395,82.99285727291361,34,1
77,HS-grad,4,Married-civ-spouse,Craft-repair,Male,138.5505115132008,69.37044061968388,12,0
81,Bachelors,14,Never-married,Craft-repair,Female,625.9739163161682,7.1919384449061265,77,1
89,Some-college,15,Divorced,Exec-managerial,Male,47.920477802918,9.417536086475614,34,1
28,Doctorate,11,Divorced,Sales,Male,111.1159437946992,91.85733492117531,29,0
31,Masters,15,Never-married,Tech-support,Female,1049.6998808902604,41.696888065219994,43,1
77,Doctorate,7,Separated,Tech-support,Female,671.0873543226646,249.21496157845496,35,1
47,Doctorate,11,Divorced,Prof-specialty,Female,6.9204494294632415,52.18706247737461,14,1
52,Some-college,4,Never-married,Prof-specialty,Male,142.7597132418404,15.464583755069372,70,1
54,HS-grad,4,Married-civ-spouse,Exec-managerial,Female,120.65788712923631,125.42800359175763,18,0
22,Masters,6,Never-married,Tech-support,Female,157.9079571346389,34.72246269556979,59,0
43,HS-grad,10,Never-married,Exec-managerial,Male,142.21685722856122,74.54310861900855,15,0
79,Doctorate,6,Widowed,Sales,Female,32.283285161657346,119.67747244569955,69,1
21,Bachelors,10,Divorced,Craft-repair,Female,307.11302767106775,230.5229698904294,53,1
59,Doctorate,15,Separated,Tech-support,Female,659.7544483496353,157.1136827786808,20,1
35,HS-grad,3,Separated,Sales,Male,466.63163284745866,112.81267916175996,75,1
57,Doctorate,15,Widowed,Tech-support,Male,558.7013671515734,113.82886346791264,56,1
89,Bachelors,9,Separated,Prof-specialty,Male,42.31574841409748,291.7376724309139,12,1
56,Some-college,12,Never-married,Exec-managerial,Female,1512.999978317007,35.07270925236809,39,1
31,HS-grad,10,Widowed,Prof-specialty,Male,911.5997865791446,0.1112713031782865,30,1
49,Doctorate,14,Married-civ-spouse,Craft-repair,Female,817.6094997440988,31.739181432433117,37,1
68,HS-grad,11,Divorced,Prof-specialty,Female,865.7570268273654,24.576164734957565,71,1
55,Some-college,2,Divorced,Tech-support,Female,1349.375596598192,108.42201100590398,42,1
40,Doctorate,6,Divorced,Prof-specialty,Male,392.9097839250176,100.43342770903524,44,1
80,Doctorate,12,Never-married,Tech-support,Male,111.74806789967353,90.00763550100638,61,1
32,HS-grad,7,Married-civ-spouse,Craft-repair,Female,479.57772839878913,1.6376814174340517,43,0
42,HS-grad,12,Widowed,Prof-specialty,Female,679.1090931174177,130.48178060225274,50,1
34,Bachelors,13,Widowed,Exec-managerial,Male,669.5477661867003,39.08677880144847,60,1
83,Some-college,9,Divorced,Exec-managerial,Male,368.4962705983576,109.37918924881511,56,1
70,Bachelors,13,Married-civ-spouse,Exec-managerial,Male,35.45738679351854,81.32343327851879,67,1
68,Doctorate,3,Married-civ-spouse,Prof-specialty,Female,231.90179537814723,41.96617940023343,66,1
56,HS-grad,10,Married-civ-spouse,Prof-specialty,Male,1267.6787293516331,14.45360273752324,32,1
68,Doctorate,3,Separated,Prof-specialty,Male,439.07485568654084,9.917843930890067,57,1
87,Doctorate,7,Separated,Tech-support,Male,386.45456901744313,178.09283369620303,31,1
23,Masters,14,Divorced,Craft-repair,Female,156.5707242929319,250.5895895916186,26,1
84,Masters,4,Married-civ-spouse,Exec-managerial,Male,229.7882267765736,104.92167271152297,78,1
24,Doctorate,13,Married-civ-spouse,Tech-support,Female,1128.548230029503,10.91834971264241,20,1
68,HS-grad,8,Widowed,Exec-managerial,Female,549.0008088730326,51.42100392583,24,1
89,Doctorate,13,Widowed,Tech-support,Female,774.1408965374802,130.54121294104903,44,1
59,Masters,7,Divorced,Prof-specialty,Male,302.88457321064925,151.3313900290569,42,1
81,HS-grad,5,Married-civ-spouse,Exec-managerial,Male,497.4603286775109,12.581112477879058,25,1
32,Doctorate,7,Divorced,Prof-specialty,Male,142.7646015981691,0.0030719317215809495,43,0
46,Some-college,3,Widowed,Exec-managerial,Female,611.1716403019922,124.52707658526182,75,1
50,Some-college,12,Widowed,Sales,Male,278.9597806611811,44.09827207478818,49,1
44,Doctorate,2,Separated,Tech-support,Female,292.1872099519876,29.367510366667698,37,0
53,HS-grad,6,Divorced,Sales,Male,523.9438905266019,1.2981364284835386,56,1
46,Doctorate,2,Divorced,Tech-support,Male,1376.6332735548692,77.71798856802494,48,0
55,Doctorate,3,Married-civ-spouse,Craft-repair,Male,33.07329154614954,190.4821132251279,79,1
74,Masters,6,Married-civ-spouse,Exec-managerial,Male,870.7515826035759,316.1353569773724,29,1
44,Some-college,5,Separated,Craft-repair,Female,172.9262240730678,83.41232460949945,10,0
72,Masters,8,Never-married,Craft-repair,Female,293.4210646139482,72.24963399222759,72,1
50,Masters,9,Never-married,Tech-support,Female,11.078495994734697,8.889283909093013,76,1
85,Doctorate,11,Never-married,Sales,Female,179.0852292848194,79.60059427533636,13,1
83,Masters,3,Divorced,Prof-specialty,Male,349.21178073381463,47.80020579081002,67,1
27,Some-college,12,Divorced,Tech-support,Female,28.907826423977497,93.42899525391647,34,1
22,Masters,10,Widowed,Prof-specialty,Female,337.7476767819873,49.22105442611789,56,1
55,Some-college,3,Divorced,Craft-repair,Female,1309.4062255622891,27.483050666339476,47,1
30,Masters,3,Divorced,Prof-specialty,Male,55.68550354541229,9.97819661049211,24,0
48,Some-college,13,Divorced,Sales,Female,722.8963558694006,37.821738881255854,72,1
64,Masters,13,Separated,Tech-support,Female,263.53768039866253,10.163948538341305,30,1
69,Masters,6,Divorced,Sales,Male,532.3572545600615,19.46738745078903,66,1
73,HS-grad,15,Married-civ-spouse,Sales,Male,150.7124354572826,436.90044785558905,62,1
32,Some-college,15,Married-civ-spouse,Tech-support,Female,86.87456019759163,58.71732555080489,55,1
46,Some-college,1,Widowed,Sales,Female,87.45213506410947,75.90130174021007,23,0
25,Some-college,7,Separated,Exec-managerial,Male,36.54990330033584,206.8450396125348,26,0
22,Bachelors,12,Married-civ-spouse,Exec-managerial,Female,102.68049183884455,541.910752948768,48,1
46,Masters,1,Separated,Exec-managerial,Male,545.648631893166,87.39845177801425,18,0
64,Some-college,14,Separated,Prof-specialty,Female,1067.2260761290975,167.38368222200387,15,1
85,Bachelors,5,Widowed,Sales,Female,841.3422813307037,39.59223221762986,32,1
62,HS-grad,15,Separated,Tech-support,Female,577.8045558182286,36.491444912016476,68,1
19,Some-college,10,Divorced,Tech-support,Female,58.50958690531574,51.53420089544921,55,1
44,Some-college,13,Separated,Prof-specialty,Female,170.67326074221484,111.62894002554692,47,1
53,Bachelors,8,Widowed,Tech-support,Male,185.3919148579818,114.6306874356436,23,1
53,Masters,4,Widowed,Exec-managerial,Male,143.81233464810094,37.868604145736356,71,1
43,HS-grad,5,Widowed,Sales,Female,361.8090288086634,14.295845855094443,44,1
60,Some-college,4,Married-civ-spouse,Tech-support,Female,383.454791469922,100.07497048351262,28,0
44,Masters,12,Divorced,Tech-support,Female,220.71661895862889,13.733962008519935,39,1
86,HS-grad,12,Married-civ-spouse,Craft-repair,Male,218.31472439241605,86.39177276277925,34,1
37,Doctorate,14,Never-married,Craft-repair,Male,881.7481254885438,118.22834875439825,49,1
28,Doctorate,4,Divorced,Craft-repair,Male,778.6430081345392,120.60132058448963,23,0
55,HS-grad,12,Separated,Sales,Male,183.93716297835186,140.02801505590125,35,1
23,Bachelors,8,Widowed,Exec-managerial,Male,1225.4755242514166,206.24618878984484,31,0
89,HS-grad,2,Never-married,Exec-managerial,Male,1526.8397969230025,69.30651678526561,57,1
40,HS-grad,1,Divorced,Exec-managerial,Male,197.81373489389512,131.02566703241106,60,0
64,Bachelors,3,Married-civ-spouse,Sales,Male,218.80690356209323,96.54093803239628,12,0
63,Bachelors,9,Widowed,Sales,Female,352.23972788543006,20.658138899841823,51,1
29,Masters,4,Married-civ-spouse,Craft-repair,Male,1416.1338022406765,2.602538633000231,28,0
30,Masters,10,Divorced,Tech-support,Male,1045.0265554463936,33.48315232754807,37,1
79,Bachelors,5,Divorced,Prof-specialty,Male,54.108942907027135,58.52505549570333,54,1
77,Doctorate,2,Never-married,Prof-specialty,Male,249.3915001170238,95.99969453743118,72,1
60,Doctorate,4,Separated,Tech-support,Female,403.0137157340868,189.68488916563408,28,0
85,HS-grad,2,Married-civ-spouse,Craft-repair,Male,349.7159163920341,21.846167430754427,56,1
22,Some-college,15,Never-married,Tech-support,Female,107.75083000408873,13.415992141991447,23,1
54,HS-grad,2,Widowed,Tech-support,Female,978.8483684779266,330.9893784984978,47,1
89,HS-grad,4,Separated,Prof-specialty,Female,564.9598190940284,11.433910210774867,62,1
48,Some-college,6,Never-married,Craft-repair,Male,909.7967581497204,65.10288812117676,70,1
26,Bachelors,7,Married-civ-spouse,Sales,Male,978.6625034027142,88.08360648239415,45,0
68,Doctorate,10,Divorced,Prof-specialty,Male,689.8696535848757,77.95211336363259,49,1
46,HS-grad,3,Widowed,Sales,Female,289.2049236190386,8.99598908963053,39,0
57,Some-college,3,Married-civ-spouse,Craft-repair,Female,471.5057297135249,5.8717537586962365,18,0
58,Masters,10,Separated,Tech-support,Female,87.39424453665171,11.147184905131152,73,1
28,HS-grad,6,Separated,Exec-managerial,Female,559.8854061247785,88.08938680938833,42,0
40,Doctorate,13,Divorced,Exec-managerial,Male,98.77034469695107,78.6019088162905,61,1
18,Bachelors,12,Divorced,Craft-repair,Male,592.0027268512381,26.623477488612956,23,0
63,HS-grad,3,Widowed,Exec-managerial,Male,130.4215155550323,101.54873441583881,62,1
38,HS-grad,13,Widowed,Sales,Female,62.527311173081415,171.51735098465684,68,1
53,Some-college,2,Divorced,Exec-managerial,Female,90.33215947152425,4.246809844643421,50,1
71,Masters,8,Divorced,Craft-repair,Male,0.9970610798553129,68.94140444876165,77,1
74,Masters,5,Separated,Craft-repair,Male,634.237205923132,116.89609749009921,77,1
18,Bachelors,15,Divorced,Sales,Female,659.1329354919006,29.07694027815587,17,1
80,Doctorate,1,Never-married,Exec-managerial,Male,361.73448731352556,36.783831643820264,11,0
71,Bachelors,3,Married-civ-spouse,Exec-managerial,Male,87.98854342037745,95.0980274077799,50,1
72,HS-grad,10,Divorced,Tech-support,Female,43.62625076201045,228.21482888279533,64,1
57,HS-grad,8,Widowed,Prof-specialty,Female,9.657146158574832,166.0333498038797,25,1
32,Masters,4,Never-married,Craft-repair,Female,90.60998805753395,87.49813819698304,71,1
38,Doctorate,14,Widowed,Tech-support,Male,1107.5414535748173,131.01548342128916,57,1
64,Some-college,7,Never-married,Craft-repair,Female,138.2305265809177,45.38507446871991,39,1
70,Doctorate,10,Divorced,Tech-support,Male,218.68793730054688,102.43368730946447,21,1
26,HS-grad,12,Married-civ-spouse,Prof-specialty,Male,55.65882570548336,62.769955614617956,44,1
69,Some-college,14,Widowed,Tech-support,Female,125.74663233084152,21.06421905441135,20,1
74,Doctorate,14,Never-married,Craft-repair,Male,366.1775005095822,120.97839023553799,73,1
43,Doctorate,2,Separated,Exec-managerial,Female,467.93136383086994,81.29777450083195,59,1
58,Some-college,7,Divorced,Craft-repair,Female,140.75213996189348,44.41356404862513,30,1
52,HS-grad,5,Married-civ-spouse,Sales,Male,29.732856393840766,242.2937314568569,78,1
80,Doctorate,5,Divorced,Sales,Male,247.9954925116879,2.115634333969269,57,1
42,Some-college,6,Separated,Sales,Female,133.4193208925279,37.94657661233292,29,0
55,HS-grad,13,Married-civ-spouse,Sales,Female,123.9448147360115,5.856323307762119,76,1
19,Some-college,9,Separated,Prof-specialty,Female,1607.7258807530036,145.46901946764356,53,1
24,Some-college,14,Divorced,Exec-managerial,Female,478.9477740754984,121.1022441777346,42,1
51,Doctorate,6,Never-married,Exec-managerial,Female,406.9555759654726,40.249784290157,70,1
34,HS-grad,12,Divorced,Craft-repair,Female,268.7346367889876,112.59718787702626,18,1
60,Doctorate,13,Divorced,Tech-support,Male,280.134292231736,50.4077156308529,77,1
76,Bachelors,15,Divorced,Craft-repair,Male,389.2490635099082,141.16277237787304,44,1
68,Bachelors,14,Widowed,Craft-repair,Male,596.0712084619025,60.54727384638724,74,1
71,HS-grad,8,Separated,Craft-repair,Male,605.5760841675229,53.150417188266175,17,1
41,Some-college,7,Separated,Craft-repair,Female,94.18625811311385,272.9221471534271,54,1
42,Doctorate,9,Separated,Exec-managerial,Male,346.6863550715419,28.885489312475478,56,1
88,Doctorate,4,Widowed,Tech-support,Male,265.47853333703614,12.834184166411438,49,1
69,HS-grad,2,Never-married,Craft-repair,Female,1022.1413266333093,87.83764324276201,63,1
87,HS-grad,7,Divorced,Exec-managerial,Male,499.04728386185496,348.42033747681967,55,1
50,Bachelors,6,Never-married,Craft-repair,Female,380.1823142536145,47.45567208171341,56,1
66,Masters,1,Widowed,Sales,Female,61.30682839680343,6.404452437809836,24,0
46,HS-grad,11,Separated,Craft-repair,Female,465.24286456636787,41.446337229466074,28,1
80,Masters,9,Divorced,Craft-repair,Female,62.33051440267387,70.50814197840705,35,1
39,HS-grad,9,Married-civ-spouse,Prof-specialty,Female,205.64595718436522,17.664530519334424,61,1
43,Some-college,12,Married-civ-spouse,Sales,Male,77.06648613371263,107.32434698001363,31,1
45,Some-college,2,Never-married,Tech-support,Male,588.9473191581443,609.655354860716,30,0
66,Bachelors,3,Separated,Craft-repair,Male,115.49469593972321,60.10046962120925,60,1
88,Bachelors,5,Married-civ-spouse,Tech-support,Female,248.6745648308424,43.80842084368992,47,1
66,Masters,5,Never-married,Sales,Male,1130.121060443565,51.19999243779213,29,1
37,HS-grad,15,Widowed,Craft-repair,Male,114.27681936507678,12.233282094473484,38,1
80,Doctorate,1,Never-married,Prof-specialty,Male,354.4402147474845,214.79225564125846,60,1
78,Bachelors,8,Never-married,Exec-managerial,Male,271.73610331712024,53.58454514010093,13,1
66,Doctorate,12,Never-married,Prof-specialty,Female,9.145146658282576,48.98380964941422,64,1
88,Doctorate,8,Divorced,Prof-specialty,Male,786.9343172279622,107.78991140767758,37,1
18,HS-grad,4,Never-married,Exec-managerial,Female,35.772655764686,58.34562125363503,13,0
30,Masters,13,Never-married,Exec-managerial,Female,321.46950728376214,104.47875870993431,31,1
68,HS-grad,7,Divorced,Exec-managerial,Male,411.2616604663264,6.34151951107391,54,1
73,Bachelors,15,Divorced,Craft-repair,Female,495.0042355320459,168.05223110088113,76,1
79,Doctorate,15,Widowed,Tech-support,Female,583.3892980285948,282.18454035853944,75,1
49,HS-grad,11,Separated,Tech-support,Female,146.02739846099723,104.6300863306092,43,1
47,HS-grad,10,Married-civ-spouse,Exec-managerial,Female,5.014449182274022,309.14929897284225,64,1
46,HS-grad,3,Married-civ-spouse,Prof-specialty,Female,642.6703629946993,16.42054265641818,10,0
66,Bachelors,6,Never-married,Sales,Female,383.5654564363472,64.8969905097928,47,1
62,Masters,14,Widowed,Exec-managerial,Female,904.3034056564426,92.08177984579845,15,1
47,HS-grad,10,Never-married,Prof-specialty,Male,861.270727665723,87.16440147501633,34,1
33,Bachelors,13,Married-civ-spouse,Prof-specialty,Male,926.7945682339606,51.32648948519577,26,1
57,Doctorate,10,Divorced,Craft-repair,Female,331.88610049913467,41.26172377703469,70,1
36,Some-college,12,Separated,Craft-repair,Female,202.9538999184942,13.561816562204484,21,1
35,Bachelors,14,Widowed,Tech-support,Male,784.0477129159647,49.71568856606812,15,1
18,Some-college,9,Divorced,Tech-support,Male,300.0963530161353,17.752605175713917,36,0
64,HS-grad,1,Separated,Sales,Male,101.32878735771452,132.56346396548662,17,0
83,HS-grad,5,Widowed,Sales,Male,965.4211885867282,23.42435989003616,74,1
55,Bachelors,4,Widowed,Sales,Female,1070.913332417349,6.035029631193421,66,1
68,Some-college,8,Married-civ-spouse,Sales,Female,313.96983800225377,80.37796526293843,49,1
80,HS-grad,11,Divorced,Prof-specialty,Male,39.359144843978925,90.44356141002721,23,1
21,Doctorate,12,Widowed,Prof-specialty,Male,245.36943501757477,205.50460368743373,44,1
18,Masters,1,Widowed,Tech-support,Male,813.6422586247191,86.03396314188838,57,0
25,Masters,9,Separated,Craft-repair,Male,1160.2423117498834,42.38544407727264,65,1
46,HS-grad,6,Married-civ-spouse,Craft-repair,Female,113.74696431004256,162.46118643793574,58,1
72,Some-college,4,Never-married,Exec-managerial,Male,34.66089780181736,77.71352629046919,22,1
20,HS-grad,12,Married-civ-spouse,Prof-specialty,Male,1049.2121014020715,8.259961546174386,70,1
49,Some-college,9,Never-married,Sales,Male,246.66064372231298,83.43664730746035,58,1
27,Doctorate,11,Divorced,Sales,Female,390.18215946856776,238.61683029234538,55,1
51,Some-college,5,Divorced,Exec-managerial,Female,1722.0390602646057,50.469880692871186,71,1
72,HS-grad,15,Widowed,Craft-repair,Female,34.44182867956367,35.14398167324397,17,1
49,Doctorate,5,Divorced,Sales,Male,522.5139709923749,15.486530162962842,52,1
67,Bachelors,12,Widowed,Craft-repair,Male,38.49744904506248,16.42209912249668,29,1
